cycle_percent,knee_flexion_mean,knee_flexion_sd,hip_flexion_mean,hip_flexion_sd,trunk_flexion_mean,trunk_flexion_sd,knee_velocity_mean,knee_velocity_sd,ankle_dorsiflexion_mean,ankle_dorsiflexion_sd,foot_inclination_mean,foot_inclination_sd
0.0,5.287038859953701,1.1591207675765882,2.5957279489860197,2.4438439967260255,-0.28755908437977457,1.6247742806492818,73.1099009358868,7.185096879297779,4.320475821188942,1.4955218853830121,-1.9167239946010408,1.0447971101759854
1.0,6.827469138464593,1.1445408242390824,4.015818552559485,2.4555176743672047,0.09789421212061351,1.60454330945014,81.0198605838955,11.39308444303735,4.802756195423155,1.5003171543018758,-1.8932113973974385,1.0533738825402643
2.0,8.367899416975487,1.1342645606587032,5.435909156132948,2.473149584876283,0.48334750862100145,1.5884208037184135,88.92982023190417,15.975449342810997,5.285036569657367,1.512025567494852,-1.8696988001938362,1.0628947064013476
3.0,9.979306751034844,1.133697646891951,6.926083394872859,2.4558075944572075,0.8890592360522594,1.5600830519340019,96.70257603725231,20.37484501896303,5.759494106409707,1.5171967423219062,-1.8172115141954739,1.0198730757535404
4.0,11.81268421886444,1.4169718461956655,8.642768592376191,2.3983327481434245,1.3613918490469505,1.4888741733790478,104.16251059408016,24.814938130940007,6.203086996036439,1.5285514543470784,-1.6717795205012511,0.8876537496277825
5.0,13.672234373041634,1.8921791109563146,10.390809511357396,2.465619915992449,1.8441429327003247,1.4224973964735115,111.32957344158956,29.908648314090893,6.632953775176837,1.5592296542336308,-1.507385980792291,0.7877849987025224
6.0,15.586732900857973,2.5704673409525336,12.219341788829974,2.7445906738520014,2.3600701142881757,1.3674882703105649,116.83824419762455,31.426294516273664,7.039249578633666,1.5702878792901684,-1.3117883523175076,0.6937695137100747
7.0,17.51578584900734,3.398622161605286,14.078617571702168,3.2599726608391673,2.887260164041203,1.3634916699722173,122.32324583515215,32.16851718796122,7.430705676986745,1.590903532961511,-1.1062772356403894,0.6953819995085316
8.0,19.663497487273414,4.1156196717224045,16.149515376872504,3.6855325095223477,3.4628878704264565,1.371277559648329,127.14504422767385,32.52731813122069,7.853254540730455,1.6915809510364328,-0.8763845599031104,0.806182161727031
9.0,21.91481467929197,4.572762624653764,18.315626072620965,3.8833812823588403,4.061825176963089,1.33186136046626,132.35722375792912,33.40990829215529,8.314763699561922,1.810472662714858,-0.6537499159278464,0.9254160798824874
10.0,24.32299368194019,4.886348354109751,20.630213193808462,3.9738639831514,4.699585659439336,1.2671380832304642,138.09876372503138,35.54094251774102,8.815802433699426,1.9211391632563644,-0.42343628612838186,1.0481237995166701
11.0,26.761805081248387,5.231812133102715,22.992256454645826,4.115163097130835,5.342912606611693,1.207552569604216,143.16584054543702,37.63162000765964,9.306565899133469,2.0200544845548145,-0.19410466591923536,1.164392282736106
12.0,29.23761189344292,5.569039077111478,25.39794372258915,4.304191187094512,5.970214257013961,1.1586142326761457,146.01729604914257,37.38093156546543,9.72970340053822,2.1179276944977525,0.08017902732949084,1.2157667425535439
13.0,31.734166047649698,6.0740933430435415,27.819563428198435,4.71190276179801,6.598691402352304,1.1520933326783922,148.6452574115733,37.42589106721399,10.153898801056448,2.256010478370345,0.3593952207471012,1.2825603853143428
14.0,34.38454610441592,6.832440731800432,30.386038399726647,5.389966556513171,7.247431311041797,1.201148316660501,150.95130546361085,37.17943074118851,10.613082641403366,2.4321126973060525,0.6328563743276805,1.3662030797809523
15.0,37.161218264854206,7.369218553448452,33.098998002976906,5.903908651255551,7.9316039130305995,1.26574259576031,149.3252505758533,31.189100268301374,11.1089700758,2.5171330373390863,0.884854099107879,1.4243237089393916
16.0,39.857105166507175,7.553642520933992,35.76948963871846,5.991875530846664,8.615419276050682,1.216264295749096,146.7282163721651,25.800966481141987,11.574730920748031,2.605556755193729,1.1283038830913465,1.4244569088979575
17.0,42.47931590259021,7.75788030540751,38.37443677002401,6.10791940618558,9.286436579543043,1.1696105285835436,143.87975260914024,21.015302772999505,12.027880676063214,2.704085341130269,1.363435036045994,1.428741176670915
18.0,44.78430514567273,7.563617763224706,40.69483243874243,5.931701725094751,9.878329707166687,1.0830393808716072,138.56539217532216,15.994232242426309,12.404068454808124,2.6193947294774813,1.5637339592888406,1.427000733291934
19.0,47.17233994927597,7.434086468793295,43.01877352115013,5.877155959222903,10.418276784417975,1.0786934766965552,131.6142941762543,13.949771847505506,12.846150520651761,2.500359378224155,1.7256926918920374,1.4109910264071597
20.0,49.4923050616392,7.26131697681828,45.27982315323811,5.78429119054268,10.940656296469271,1.0800504938073345,124.66530542376684,15.90326383308776,13.26942373225696,2.378990569421593,1.8837144726133828,1.3948641535298145
21.0,51.50792255610907,6.920283849939136,47.285749960098975,5.515929490730892,11.426493162425034,1.0526387683138565,118.8105585032244,19.64555551936617,13.653889601169595,2.2594881974915513,1.994776157265524,1.3697385237061692
22.0,53.426325128133875,6.400068927165258,49.22774622189078,5.103048130261971,11.924646867081696,1.015535383273874,112.69400329348376,22.80230079460377,14.103628259630876,2.012046085489836,2.0195975136939004,1.2854088375013246
23.0,55.26537784938895,5.960266055166485,51.13648538166234,4.739698893215293,12.43457939549068,0.9550390702357707,105.00159264900873,24.299493074275073,14.512105795123935,1.7613719323435595,2.0513660680933423,1.2078064315055548
24.0,57.138807783868025,5.569251442653414,53.104089516260636,4.424390980192841,12.938622567326282,0.887334289224514,98.41134854762497,25.572578962087565,14.86417846667542,1.5704263299306132,2.109162368258246,1.2135702108997508
25.0,58.818667840867846,5.116214058986415,54.93650169840301,4.08058587016044,13.419677782161612,0.8184698015578883,92.78768753894063,25.477181371311303,15.117151044674536,1.441198540088408,2.1846928799518834,1.2588428716343285
26.0,60.23383434981139,4.7245775314862355,56.56131464828732,3.843655305265324,13.871661342564272,0.7717190466971152,86.69700062953599,24.956694801971672,15.331978083832112,1.3867110248577166,2.2122029602562114,1.3665744966226592
27.0,61.4889605676535,4.422984086745066,58.02955102249189,3.646154070669151,14.298419750440544,0.7201171685776959,82.4527250107813,22.091506286626565,15.487559784982714,1.4621078783723427,2.2702695106194266,1.4843511144995774
28.0,62.74418182986915,4.261884807398269,59.49669954615522,3.543980511809663,14.725131375491728,0.6763813791256442,78.62021872177725,19.870373702022967,15.643226950742354,1.6389014534056943,2.3293867084632747,1.6267299127764774
29.0,63.86293165886796,4.349882223548655,60.88274138143663,3.6448426830918956,15.150450221992807,0.6526227780366451,75.36311835161278,18.006558862774558,15.693563851303912,1.7237912240933135,2.4370766481201915,1.7400289966894376
30.0,65.12893345120831,4.445641791973492,62.38941532835906,3.8199743462753735,15.579439117529887,0.6540406036996846,71.9615692153332,15.459943382301935,15.745882803389291,1.7711635086652922,2.5730744369898297,1.9245412444879668
31.0,66.41064479310974,4.55543369116704,63.91056318819138,4.012960564796299,16.010984578278578,0.6643282837601481,68.5475744835566,14.3075966133623,15.810309178439846,1.835384928588164,2.700757004757076,2.107093212733955
32.0,67.52162469667658,4.670970106457137,65.31375708800988,4.188984951205634,16.46170180324193,0.7125005278598453,65.88483462629263,12.523736561366524,15.857630048105626,1.8337356946012426,2.811939363802974,2.173040375853333
33.0,68.58049011425659,4.806948743615942,66.68000799114601,4.397748967144895,16.907360771395442,0.783979756036975,64.2746314851707,11.862356080940351,15.901506895742232,1.7846129989988253,2.9063359987637565,2.234884161061854
34.0,69.54930929114975,4.784773986748413,67.96905830574575,4.455499333387286,17.34673945081854,0.8438998919974509,62.77831237809746,13.217751184232732,15.958571836477182,1.7180065150170323,2.968418599745339,2.2571942326757166
35.0,70.40626835242493,4.621527681194423,69.14156396525524,4.369502142573077,17.769899378268917,0.8863580241505874,61.79090407173669,15.412088471418581,16.01974849461281,1.6510692168847765,3.014855270825759,2.2323019294485804
36.0,71.36157450608577,4.462358944322113,70.3824881662141,4.251590825036948,18.19810628900116,0.9226797263594229,60.7126107502213,15.996537414313464,16.112155104295077,1.552868367194009,3.065037524577734,2.1676592114055846
37.0,72.38765990626474,4.353449818723499,71.69111302771039,4.154161756817517,18.630958635041413,0.9650456921325703,59.716887585807115,15.931607954686294,16.227896769338255,1.4239266544322755,3.0996087442574787,2.094902058197798
38.0,73.4784778044169,4.3381057373622305,73.06107757039663,4.138076986041798,19.06935247626413,1.0149678980195072,59.500215935626834,15.001151800634785,16.36576688152177,1.284046293269762,3.120985828762611,2.0148656534685028
39.0,74.62540864822121,4.21930960874417,74.47418263484765,3.9989824612836493,19.500820011722883,1.0533799448773167,58.960323619543765,13.842423498421027,16.52433202298794,1.2048636155885892,3.127714002108469,1.9483617558391486
40.0,75.68706547167959,4.132481912305142,75.80314065499367,3.8514081295080143,19.923116424904727,1.0680185660761823,58.24536173095288,12.890372838125487,16.66923580287639,1.1748720011628768,3.137805438714222,1.8941997904207595
41.0,76.72602174949435,4.052772571647531,77.08399798623729,3.670816428348332,20.324599525750536,1.039597176961305,57.763855183216634,11.915838075425073,16.818433106198494,1.1567298670763895,3.14819018280908,1.8514778712191646
42.0,77.71738624817043,3.8727858724456756,78.29576122700539,3.4618782189053436,20.70974510752532,1.0177404760469722,56.16035156555959,10.767914508193181,16.951213583265957,1.1260333878780004,3.1801565454243748,1.766438552056033
43.0,78.65720686320319,3.610783366254016,79.45822328150037,3.2002143525710527,21.099123308350006,1.0001841452090385,53.98554576077783,10.108440113220002,17.069442172596226,1.1085332998148292,3.228664717456581,1.689562805637365
44.0,79.61543950818395,3.3924587754870905,80.61348925476685,2.987119794795695,21.48014123145251,0.9923712377034211,50.9925612144836,10.367429051007125,17.17197159778966,1.1102895632523921,3.31011988707994,1.636662371393196
45.0,80.57789272884425,3.1938311451211714,81.75456664872198,2.786628816019514,21.842032569681326,0.9735118787089386,47.414026482858525,10.566757031088459,17.239057960500983,1.0977631198487001,3.4263006893026056,1.5759400541641757
46.0,81.48626720950598,2.9830802598970236,82.82158042828335,2.559118136817735,22.16990287665045,0.9305275253366718,43.56322804208184,9.971024634087843,17.2731744485172,1.06888822918089,3.5614152093558684,1.4985021918874029
47.0,82.35548577531578,2.81263506563441,83.83180095303403,2.403893754705289,22.47981460639622,0.8991464589756523,39.690715064766955,9.563634761466188,17.31288265839267,1.0419206529911038,3.6906167702852906,1.4225114271635493
48.0,83.04116806786818,2.660084130528589,84.65474564648648,2.278379011884184,22.766418740016018,0.8831847027440719,35.19911329168776,9.302163451195748,17.34490740257021,1.0047109651150483,3.807933758827502,1.3318130873045038
49.0,83.52434908214231,2.6132481996687296,85.27642395019619,2.2180403806597484,23.020866977299207,0.876628840610149,30.64264109572693,8.907029889712629,17.320014349975988,0.9608191050771293,3.948777759269333,1.2418644674203696
50.0,83.90256219132425,2.565455034124557,85.79445004036167,2.1281377315433834,23.256914837629065,0.8681685827609887,26.208604138515053,8.428188501325769,17.26918231520922,0.9667971658063644,4.095844673382403,1.1892887466064708
51.0,84.19969164662403,2.504736938041422,86.21834961668714,2.0609344309916984,23.46510276876086,0.88915170335496,21.865748117488945,8.176352532129796,17.18528369592156,0.9681727670922097,4.261161102776163,1.1552406051227013
52.0,84.51637194834615,2.443486685405347,86.64079870276508,2.000455163864053,23.64860546884458,0.9048800579311477,17.70550775150885,8.36352345870265,17.10928433785947,1.0055212093367125,4.414894376566153,1.1651630762615683
53.0,84.78854479833227,2.382817199419069,87.00764784164068,1.9176659776619873,23.81439018822179,0.9094859048670847,13.786717631970108,8.494231821662362,17.019923966724992,1.0737109232764306,4.575363178188377,1.2141859089801759
54.0,85.04671654051751,2.3421412213695194,87.35800363408684,1.8579083424952125,23.975573516321614,0.9201901113525777,9.953995579737997,8.811643840586246,16.923707158922003,1.1541884995038192,4.740579263830268,1.2779988963418276
55.0,85.14012018455686,2.3339106370272016,87.5015096680827,1.786880835144139,24.084482756040217,0.9077937824592359,6.294878173142416,9.244682849678707,16.798894435795734,1.1688759156678346,4.924198836718619,1.291406403443069
56.0,85.20903765364936,2.3425374685766536,87.61545699105112,1.7321600304180542,24.18700961110076,0.8967311189915069,2.657577757824734,9.774463894815202,16.664784988294485,1.18963376913578,5.1158052854044955,1.3100283298164075
57.0,85.25297155667269,2.4249346642802196,87.70119993660921,1.7520518739186772,24.2782795195541,0.8794583328424299,-0.8869073275421221,10.077809658757532,16.511786694323774,1.240255582198222,5.318264445293769,1.363160765808251
58.0,85.21464429876916,2.5248579243809837,87.68830358257848,1.8423347862486281,24.34043476147809,0.8696252556742513,-4.993966901479841,10.190814591004367,16.317841307173282,1.2369590503355365,5.548934170495453,1.396946028061181
59.0,85.13825014343725,2.639935565550702,87.62848627643314,1.9787737944186525,24.38704128996139,0.8675509272700976,-9.42327006394281,10.369671448364642,16.114919151501827,1.2230359276222191,5.781886005463647,1.4329973843697719
60.0,84.9778283357867,2.78496301190113,87.43553355759678,2.1275051668381435,24.388194808578707,0.8285238263349397,-14.76599697489845,10.801818841667366,15.850104625670584,1.2993499944815057,6.080384961098012,1.5189955850211148
61.0,84.7244591005544,2.9341243781539004,87.12893067751416,2.2709462733628096,24.356959865802157,0.7903201111270514,-21.155305562062683,10.982892644246046,15.576315390753967,1.4069421673128575,6.376172898088399,1.631178802192536
62.0,84.34668405287054,3.1280225201399032,86.68241554867812,2.449166879791955,24.291427334830605,0.7693573819023564,-28.622401500963694,11.080633117917163,15.293372540376083,1.5379541349642667,6.6623232986469345,1.765943821485935
63.0,83.95303684108488,3.32938224366806,86.19297818859769,2.623898030136016,24.195424234204847,0.7287430243648757,-36.78223527702186,12.387010584585923,15.03442632086683,1.6616219454999535,6.921056565825162,1.8755094997577435
64.0,83.4936849539615,3.5365859009934835,85.65040573444463,2.811115324908593,24.092501725632385,0.6943373099735752,-45.50002525918333,13.605374403612647,14.805742558441928,1.801333908226176,7.130038386707288,1.991271420455201
65.0,82.78881346123087,3.758082745016614,84.88286225234394,3.0608790338732064,23.95907749002234,0.722408320309852,-55.09767109971406,14.902187591908715,14.596853483726129,1.9444778635165547,7.268175215183128,2.143309064245502
66.0,81.8685722855379,4.092513990987962,83.93654616473945,3.3646184498012097,23.812544687146612,0.7530097813921909,-64.66129024424988,16.07809750311495,14.379528847782566,2.109462758587315,7.365041960162471,2.2565140163750117
67.0,80.71918264151533,4.2751084132107735,82.76468288009568,3.4895896373820885,23.636026050673763,0.7652549915010823,-74.3487203663006,17.155210982296918,14.167218892963888,2.2799298851433085,7.423306919129499,2.3328690891883945
68.0,79.16669758177879,4.310074224914925,81.16792477357033,3.43544909659462,23.3603140491749,0.7521657808834727,-84.23225004104238,18.2307376542714,13.856348062466898,2.352767606561291,7.502738794916443,2.38220533051244
69.0,77.52414913485815,4.499665916728693,79.49472205482742,3.576927813832353,23.062887501739244,0.7938245364581029,-94.77974545016815,19.345570954264236,13.534538079438702,2.420904744713717,7.55777650233124,2.4017856128235757
70.0,75.76878515758489,4.955871256018535,77.7270486900298,3.9778517577674894,22.732503991342465,0.8400324663995068,-104.85799883638458,20.089110164938056,13.206826665791242,2.533280755352722,7.567413793106266,2.3698782973845764
71.0,73.83267928105253,5.41489141801873,75.7919502840995,4.358224756422958,22.362367339174707,0.8882471931540848,-113.35229886955487,19.376159782839164,12.816367139238471,2.6467813744401534,7.58672919688924,2.343259795559404
72.0,71.656173625418,6.055538987027024,73.65301197041308,4.900029024684405,21.94782375092635,0.9808133736342473,-120.69342495815111,17.95288020298109,12.345585430638218,2.794407789275496,7.6053999752930395,2.323156795149711
73.0,69.42865759528819,6.499590844929874,71.46259156760179,5.244664858661618,21.514281216981306,1.0460435254593563,-128.0507921335322,15.820463080452333,11.889672523836126,2.9889916124801674,7.590674720831569,2.285201451957025
74.0,67.21593884382646,6.872952579791748,69.27417024874394,5.504558318040399,21.04910149864498,1.0922402765534036,-133.9789488047378,15.160342967499624,11.404313155698896,3.2226776974193023,7.586556938028575,2.263471430132707
75.0,64.8855106825334,7.187275037904133,66.98368987750654,5.738245549444835,20.537459785055905,1.1813667275516344,-137.38295446496025,15.817983100253915,10.815664870392085,3.424150738887213,7.623615719690675,2.2239332892441483
76.0,62.416789154844395,7.33585225677637,64.57273501401669,5.843484972489904,20.00181054416465,1.2524689575401708,-140.91434417480716,19.909141292880378,10.179847408522889,3.6057645150686257,7.666017276469454,2.208879870584704
77.0,59.69473634529629,7.092870440712891,61.95841220813774,5.631240024720294,19.426377637641124,1.27060249669902,-144.68074437841543,26.57787623605646,9.455609766096556,3.716536139655193,7.707092008703093,2.2271026500126894
78.0,57.13008303970873,6.724227172672659,59.45246305304247,5.336494202845408,18.83030664359598,1.2841130632581454,-146.32714013307339,32.07385128686719,8.798926251214553,3.7412164413501925,7.709000379047662,2.2340389661032938
79.0,54.50302915126471,6.344793474233585,56.902121190018455,5.0692254093371965,18.228402309261956,1.3010934486810297,-146.81822932031378,36.512140331373665,8.105244882376416,3.725411000151844,7.724065388131769,2.254038243043062
80.0,51.90423472924783,5.9688353936335465,54.414206644631804,4.825799836758834,17.642831749738953,1.2965823225194373,-145.4891546109628,38.149665201053736,7.386901810145074,3.6740528969284245,7.745958024209888,2.2733363151370156
81.0,49.55888997614005,5.494152008740956,52.14074715486794,4.557506841400581,17.07643739150891,1.2928661631033906,-145.46846516905646,38.17939665801285,6.7770622304956305,3.578519050280236,7.717517982285368,2.2686724044344175
82.0,47.31576759408176,5.019771109932189,49.932724750780494,4.339724391977412,16.505858665194683,1.3114827828457372,-145.17222736855527,35.67912531927947,6.191199858329564,3.4129979223181484,7.697701650166366,2.230741177858978
83.0,45.11087749375195,4.702836166908526,47.75120414785079,4.258902884488983,15.93261913784165,1.343723095171526,-143.41721264804428,30.380239661536894,5.5797060180088485,3.2341420379289527,7.712586465733949,2.162899749545351
84.0,42.72326697602538,4.4166882973933195,45.37292720935083,4.201066483262021,15.306775075201275,1.3854729207123635,-141.88085600858673,25.494873396803918,4.959934274738448,3.054258031011806,7.697180567137356,2.071221787698662
85.0,40.16286126124039,4.061548720027077,42.74464215742364,4.0851848942625,14.548880818555277,1.4742533269872953,-141.3456751671781,21.944852837664275,4.369785958563383,2.8678437244688615,7.597313963808624,1.9643092237619093
86.0,37.75043446737046,3.7058623511877826,40.228157306125006,3.9794676170859757,13.790222249365916,1.5738497767070205,-141.30016810300734,20.496885285493903,3.823871683971962,2.725135894398566,7.488627726639391,1.873059763531201
87.0,35.297017319496874,3.3898479043436147,37.658913834406306,3.9212849181704383,13.002511398403998,1.6818977888078006,-140.81844156888238,20.231063803929217,3.268588645172837,2.5905274861331944,7.3720262383217054,1.7806776089463423
88.0,32.8551218195653,3.1436505675165978,35.00768766800579,3.848387456704715,12.098011698869058,1.7237243052616136,-140.1933884621687,20.040316400904572,2.7568378853111484,2.5126930834480636,7.188607965117392,1.6524778131792854
89.0,30.46373976552243,3.012063381730854,32.36511468272215,3.8285293827168023,11.177229858315057,1.7737463335587265,-140.54592701494542,20.732749492032504,2.2743084863929823,2.474091686455273,7.001546454722328,1.538852494640012
90.0,28.214905578527635,2.7282895195662564,29.89025792952947,3.580858516614078,10.305686626285317,1.766909640435904,-140.72954661738558,21.966951075791307,1.8371121858440456,2.3801649912356666,6.793222089439408,1.4143023665978331
91.0,26.003804748022176,2.389706611549077,27.404159846545337,3.172749776779989,9.369250950074932,1.6603738425707735,-138.91348215197266,22.374328761269307,1.4094846199477384,2.248775128513151,6.559411231604007,1.343545992881003
92.0,23.43272479429096,1.8719561609074786,24.6073805633837,2.6992636037444933,8.345056226518858,1.526149616335464,-136.80400245305333,22.036891120237886,0.9123837676077041,2.0607511658319875,6.258016689818386,1.3230162468745936
93.0,20.859115648903245,1.5815008181550554,21.81923676982196,2.3771711783327003,7.337452286425626,1.4034510652832692,-135.3405884100335,20.879086308888287,0.4168846379239944,1.8881906654147225,5.960446527582892,1.3300057853537752
94.0,18.573069848953,1.4305184813407776,19.329606820138306,2.116967412054973,6.429870621239928,1.2942760140935583,-131.46499011101028,17.90243780617947,-0.008375915248299485,1.7532262077771272,5.681709565302899,1.336340879879164
95.0,16.38414258261241,1.115668220261085,16.94687256507066,1.8109630440949842,5.557238491301169,1.1865597714994531,-126.26780108025217,15.451506414388485,-0.38703172405065905,1.6017850018732271,5.3815402328935535,1.3217897959251568
96.0,14.170877756647515,0.8531202590116913,14.562325727234139,1.532426120591126,4.696134996757637,1.072424269839426,-121.14267504559432,14.083551660554187,-0.7564388250274005,1.449153624192677,5.061125851198391,1.2814318078214832
97.0,12.09692491333572,0.663250293105209,12.364041444426176,1.2628103066523266,3.921384461680629,0.9415135278552975,-115.05775066241756,13.243258027578648,-1.0453038266261003,1.3611727139892476,4.699571757216252,1.2607557022851217
98.0,10.323173329387904,0.3404941323774605,10.53179134651244,1.1857561896801918,3.3048321163191754,0.8689566086425464,-107.98106082949356,13.206454176047247,-1.1811551305814507,1.2903076297316916,4.27736922977607,1.2155380576021835
99.0,8.415129976634509,0.5031519061615549,8.553922477735231,1.3558332328458105,2.646891925436847,0.8538080806487965,-99.55869574733231,13.086071648801772,-1.32460537353719,1.271379476309051,3.832704797873299,1.142920322871159
100.0,6.507086623881119,1.026073180148969,6.576053608958024,1.6857286431936673,1.9889517345545178,0.8673757894864206,-91.13633066517106,13.244172955900561,-1.4680556164929295,1.2954966680797317,3.388040365970527,1.082832966496108
