frame,time_s,left_fppa,right_fppa,pelvis_y,visibility_check,left_alignment,right_alignment,left_alignment_index,right_alignment_index,left_signed_deviation_percent,right_signed_deviation_percent,left_knee_deviation_percent,right_knee_deviation_percent,pelvis_y_filtered,pelvis_velocity
0,0.0,179.43001486008683,178.86711202726943,0.5895537436008453,OK,neutral,neutral,-0.002485338596039086,-0.004932871263714588,-0.24853385960390859,-0.4932871263714588,0.24853385960390859,0.4932871263714588,0.589430421590805,-0.0016993873848253093
1,0.04218173027038574,179.3785246075156,178.89385762226627,0.5893920361995697,OK,neutral,neutral,-0.002709992492212502,-0.00481741622272415,-0.27099924922125024,-0.48174162227241496,0.27099924922125024,0.48174162227241496,0.5893587384905135,-0.0014739245773034426
2,0.1204535961151123,179.28728219302246,178.94348126531162,0.5892524719238281,OK,neutral,neutral,-0.003107860726750135,-0.00460101473291594,-0.3107860726750135,-0.460101473291594,0.3107860726750135,0.460101473291594,0.5892761179379055,-0.0011429578694457376
3,0.16551947593688965,179.21561432597667,178.97979877480645,0.5891534686088562,OK,neutral,neutral,-0.0034203556451848434,-0.00444266151831683,-0.3420355645184843,-0.444266151831683,0.3420355645184843,0.444266151831683,0.589222341775894,-0.0009601372977758871
4,0.20878863334655762,179.18007739449044,178.96397697839666,0.5890519618988037,OK,neutral,neutral,-0.003575294777610144,-0.004511634427736976,-0.3575294777610144,-0.4511634427736976,0.3575294777610144,0.4511634427736976,0.5891904830932616,-0.0006045539955863433
5,0.2527196407318115,179.16679859510273,178.93641058579414,0.5889753997325897,OK,neutral,neutral,-0.003633191472716481,-0.00463177660771958,-0.3633191472716481,-0.463177660771958,0.3633191472716481,0.463177660771958,0.5891698002815247,-0.0001398333929216733
6,0.29810237884521484,179.1605218531301,178.91211120935532,0.5891773104667664,OK,neutral,neutral,-0.0036603670253724657,-0.004737291368954021,-0.36603670253724657,-0.47372913689540214,0.36603670253724657,0.47372913689540214,0.5891789708818708,0.0004609769047068113
7,0.3420834541320801,179.15575929805468,178.88778267453117,0.5893307328224182,OK,neutral,neutral,-0.003681018049272874,-0.0048431187028328436,-0.3681018049272874,-0.4843118702832844,0.3681018049272874,0.4843118702832844,0.5892102803502763,0.0009154216891467115
8,0.3808300495147705,179.21163534251093,178.88542861235186,0.5892472565174103,OK,neutral,neutral,-0.003437593768588329,-0.004853281775080119,-0.3437593768588329,-0.48532817750801194,0.3437593768588329,0.48532817750801194,0.5892526975699832,0.0009959755073700727
9,0.44066405296325684,179.2016483151412,178.90992838328097,0.5893166661262512,OK,neutral,neutral,-0.0034811084974986717,-0.0047456430300312795,-0.34811084974986717,-0.47456430300312796,0.34811084974986717,0.47456430300312796,0.5893031656742096,0.0005954939600751885
10,0.49541521072387695,179.20228969859727,178.920615789814,0.5893726348876953,OK,neutral,neutral,-0.0034782991167665754,-0.004698481847100145,-0.34782991167665755,-0.46984818471001455,0.34782991167665755,0.46984818471001455,0.5893233461039407,0.00012570788358878815
11,0.5381996631622314,179.20031316257032,178.90179488364996,0.5893488824367523,OK,neutral,neutral,-0.003486778229516376,-0.004780288825267679,-0.3486778229516376,-0.47802888252676784,0.3486778229516376,0.47802888252676784,0.589320604290281,4.6563650013986546e-05
12,0.5813348293304443,179.19700334027212,178.8874546610257,0.5893286764621735,OK,neutral,neutral,-0.0035011217392813014,-0.004842590270468606,-0.35011217392813015,-0.4842590270468606,0.35011217392813015,0.4842590270468606,0.5893274247646332,4.806547123425986e-05
13,0.6283090114593506,179.21593413182305,178.97953354509715,0.589318573474884,OK,neutral,neutral,-0.0034185547125609094,-0.004441961989101696,-0.34185547125609095,-0.4441961989101696,0.34185547125609095,0.4441961989101696,0.5893240528447288,0.0006741660466360599
14,0.6652603149414062,179.2264716998748,179.0608671387845,0.5893115401268005,OK,neutral,neutral,-0.0033725917622105753,-0.004088047190330237,-0.33725917622105756,-0.4088047190330237,0.33725917622105756,0.4088047190330237,0.5893706466470446,0.00569475391316665
15,0.7054615020751953,179.28566096473946,178.97403320208937,0.5892949998378754,OK,neutral,neutral,-0.0031142200517005167,-0.00446627460974668,-0.3114220051700517,-0.44662746097466804,0.3114220051700517,0.44662746097466804,0.5897935032844542,0.01065480434743371
16,0.7628393173217773,179.32941978892111,178.9225203710048,0.5892930626869202,OK,neutral,neutral,-0.00292326680932153,-0.004690646807641306,-0.29232668093215297,-0.4690646807641306,0.29232668093215297,0.4690646807641306,0.5904160141944885,0.030844503603300488
17,0.8080501556396484,179.8169190390099,179.3046364961732,0.5896987915039062,OK,neutral,neutral,0.0007979895262208108,-0.003026781559773214,0.07979895262208107,-0.3026781559773214,0.07979895262208107,0.3026781559773214,0.5925228255135672,0.053977177398148335
18,0.8488426208496094,176.0738133893875,178.84297042380197,0.5923088788986206,OK,neutral,neutral,0.017108644345356312,0.005035862389934508,1.7108644345356312,0.5035862389934508,1.7108644345356312,0.5035862389934508,0.5949962224279131,0.08678571616840447
19,0.8900551795959473,174.59836305008156,178.01742238671056,0.5936862528324127,OK,varus,neutral,0.023537473839865417,0.008629310646697691,2.3537473839865415,0.8629310646697691,2.3537473839865415,0.8629310646697691,0.5996617759977069,0.12800560441264963
20,0.9256198406219482,170.11571023389095,173.12838003388978,0.6040662527084351,OK,varus,varus,0.04318117649891183,0.029984523104579625,4.318117649891183,2.9984523104579623,4.318117649891183,2.9984523104579623,0.6046684299196515,0.14944175912223479
21,0.9695463180541992,168.87357518978672,171.5068751552134,0.6066253185272217,OK,varus,varus,0.04863792710460078,0.03708395671435475,4.8637927104600776,3.708395671435475,4.8637927104600776,3.708395671435475,0.6117030297006879,0.15263125430072133
22,1.0160763263702393,165.56573376815,168.13898694886888,0.6219538748264313,OK,varus,varus,0.06328000921350999,0.05191899112226666,6.3280009213509985,5.191899112226666,6.3280009213509985,5.191899112226666,0.6184346335274832,0.21818923903323117
23,1.0518114566802979,164.94255084839605,166.8592009086762,0.6243396401405334,OK,varus,varus,0.06603109623290865,0.05756171888383915,6.603109623290865,5.756171888383915,6.603109623290865,5.756171888383915,0.6282493003777095,0.24190995138552385
24,1.1020419597625732,161.60615927297664,164.95829110231472,0.6389409899711609,OK,varus,varus,0.08094063928357423,0.06601069196891354,8.094063928357423,6.601069196891355,8.094063928357423,6.601069196891355,0.6380888989993505,0.22224737368821046
25,1.141472339630127,160.93527474274038,163.41627074643756,0.6394301056861877,OK,varus,varus,0.0839479283389376,0.07286713647017941,8.39479283389376,7.286713647017941,8.39479283389376,7.286713647017941,0.6476680551256451,0.21970457968147006
26,1.1822645664215088,154.83850993393443,156.9355251970613,0.6623889207839966,OK,varus,varus,0.11158622184916331,0.10201830139422687,11.15862218491633,10.201830139422686,11.15862218491633,10.201830139422686,0.6556497982570102,0.18008602082354663
27,1.229954481124878,151.15632073797084,152.27048272057627,0.6729434430599213,OK,varus,varus,0.12853966580946435,0.12333176333861917,12.853966580946436,12.333176333861918,12.853966580946436,12.333176333861918,0.6633693150111607,0.13020626880554342
28,1.286510944366455,150.6949125607277,152.58663740742296,0.6736794114112854,OK,varus,varus,0.1307049832812809,0.12181365819516009,13.07049832812809,12.181365819516008,13.07049832812809,12.181365819516008,0.6686096574578966,0.11687029015294215
29,1.3246502876281738,149.81698060107004,152.4527292173045,0.6778260767459869,OK,varus,varus,0.1348284203851013,0.12256730300764389,13.482842038510128,12.256730300764389,13.482842038510128,12.256730300764389,0.673689774104527,0.08638693735161329
30,1.3736886978149414,149.16232327619414,152.61579455694266,0.6783762574195862,OK,varus,varus,0.13789723275608037,0.12177162617446995,13.789723275608038,12.177162617446994,13.789723275608038,12.177162617446994,0.6749744628156935,0.0096329705727074
31,1.4293615818023682,150.0530991771555,153.689841315205,0.6756233870983124,OK,varus,varus,0.1337075512895127,0.11684244064110956,13.37075512895127,11.684244064110956,13.37075512895127,11.684244064110956,0.674463791506631,-0.0818314352926901
32,1.4685368537902832,150.37412862155514,154.25563088573338,0.6749909222126007,OK,varus,varus,0.1322110864064858,0.1142365468159508,13.221108640648579,11.42365468159508,13.221108640648579,11.42365468159508,0.6692550820963724,-0.19788915950075747
33,1.504765272140503,151.16116970129355,155.48509449870102,0.6713817417621613,OK,varus,varus,0.12851265460603198,0.10862497727662895,12.851265460603198,10.862497727662895,12.851265460603198,10.862497727662895,0.6599105043070655,-0.267648907586997
34,1.5403532981872559,151.53226278768426,156.48768919281213,0.6693687438964844,OK,varus,varus,0.1267687104084608,0.10405617615839774,12.67687104084608,10.405617615839773,12.67687104084608,10.405617615839773,0.6500458206449234,-0.28296388324496213
35,1.5783655643463135,159.65007128489088,165.16963162295514,0.6372184455394745,OK,varus,varus,0.08970723425870615,0.06500323698953571,8.970723425870615,6.500323698953571,8.970723425870615,6.500323698953571,0.6390553372246878,-0.263105120908671
36,1.6275849342346191,166.06332438633345,171.94232544882945,0.6124140322208405,OK,varus,varus,0.061062682555199047,0.03518801512009979,6.106268255519905,3.5188015120099787,6.106268255519905,3.5188015120099787,0.6277640461921691,-0.24524473574377392
37,1.67010498046875,167.33048510728105,172.71566023144055,0.6093234717845917,OK,varus,varus,0.055438836245209004,0.03179403809988255,5.5438836245209,3.179403809988255,5.5438836245209,3.179403809988255,0.6167544850281308,-0.25392787441891684
38,1.7131056785583496,170.54104651715429,174.68880632891458,0.598690003156662,OK,varus,varus,0.04123766332433043,0.023131121781279598,4.123766332433043,2.3131121781279598,4.123766332433043,2.3131121781279598,0.6060527775968824,-0.18791629312705727
39,1.7584784030914307,171.1305934722211,175.13914099539042,0.5959518849849701,OK,varus,varus,0.038678691477497223,0.021145600891103834,3.8678691477497225,2.1145600891103835,3.8678691477497225,2.1145600891103835,0.600444836275918,-0.08520958636037612
40,1.7931649684906006,172.283778727893,175.9830497034328,0.5943148136138916,OK,varus,neutral,0.03363970394055567,0.017478677664541805,3.363970394055567,1.7478677664541804,3.363970394055567,1.7478677664541804,0.5985071403639657,-0.042247323837048434
41,1.8387839794158936,173.2822697441066,176.1681638325254,0.5944567918777466,OK,varus,neutral,0.02928111528543651,0.016679552983017865,2.928111528543651,1.6679552983017865,2.928111528543651,1.6679552983017865,0.5973967611789703,-0.0018664483486752204
42,1.876920223236084,172.77041029515865,175.67260042182664,0.5979628562927246,OK,varus,neutral,0.03152650334374611,0.01884882775195002,3.152650334374611,1.8848827751950021,3.152650334374611,1.8848827751950021,0.5980420666081564,0.06875611633769996
43,1.9180235862731934,172.63326933429155,175.49952932777103,0.5988501608371735,OK,varus,neutral,0.03212156781143643,0.019606178985710845,3.212156781143643,1.9606178985710845,3.212156781143643,1.9606178985710845,0.6031645366123743,0.15577429513743724
44,1.9593114852905273,170.91626976099718,174.72911843413578,0.601550817489624,OK,varus,varus,0.039655859611097105,0.02297600968648548,3.9655859611097104,2.297600968648548,3.9655859611097104,2.297600968648548,0.6108880298478262,0.18199508088567296
45,2.004049301147461,169.9420568381917,174.1796314754714,0.603207141160965,OK,varus,varus,0.04394449306953017,0.025380652728352635,4.394449306953017,2.5380652728352637,4.394449306953017,2.5380652728352637,0.6187843552657535,0.20659792768867646
46,2.043938636779785,161.60481666259554,168.36550988962478,0.6318091750144958,OK,varus,varus,0.08094140653801302,0.05093401111673398,8.094140653801302,5.093401111673398,8.094140653801302,5.093401111673398,0.6280958013875144,0.20708247769147548
47,2.098991870880127,157.35040606686846,162.60612270235802,0.6483792662620544,OK,varus,varus,0.10013221484453444,0.07648338234607617,10.013221484453444,7.648338234607617,10.013221484453444,7.648338234607617,0.637494283063071,0.1725429112988648
48,2.1553802490234375,156.8685534590106,159.682703413794,0.6497310698032379,OK,varus,varus,0.10228108965044176,0.08957256318221037,10.228108965044177,8.957256318221036,10.228108965044177,8.957256318221036,0.6473291984626225,0.20919365776316567
49,2.1970767974853516,153.81244585138526,155.21310289489867,0.66314297914505,OK,varus,varus,0.11621022315872341,0.10985835056569326,11.621022315872342,10.985835056569327,11.621022315872342,10.985835056569327,0.657124204295022,0.18971717584219405
50,2.241518974304199,153.68195053703434,154.4194806621263,0.6646395325660706,OK,varus,varus,0.11681277294905759,0.11337772213157327,11.68127729490576,11.337772213157326,11.68127729490576,11.337772213157326,0.6634148487022944,0.11742661077379246
51,2.2826199531555176,152.68512767600043,153.4999586251591,0.6703952252864838,OK,varus,varus,0.12147157414730997,0.11751397414785593,12.147157414730996,11.751397414785593,12.147157414730996,11.751397414785593,0.6673243684428078,0.0884861531764809
52,2.3215272426605225,152.16497243897834,152.4676771211263,0.6717721819877625,OK,varus,varus,0.1238933580139954,0.12244597281994424,12.38933580139954,12.244597281994423,12.38933580139954,12.244597281994423,0.6705228005136762,0.056520833878423105
53,2.3606691360473633,150.47714415874967,151.83705550997576,0.6758436858654022,OK,varus,varus,0.13173884513145104,0.1254150608134427,13.173884513145104,12.54150608134427,13.173884513145104,12.54150608134427,0.6717236850942884,0.026359114819532792
54,2.4012296199798584,149.87988639690784,152.38773476469143,0.6757459044456482,OK,varus,varus,0.13451138536092921,0.12286850029866474,13.451138536092921,12.286850029866473,13.451138536092921,12.286850029866473,0.6726112025124686,-0.027330765688999392
55,2.437857151031494,150.53630234550246,153.51756316533937,0.6721200942993164,OK,varus,varus,0.13143790777742562,0.1176439537929095,13.143790777742561,11.76439537929095,13.143790777742561,11.76439537929095,0.669982407774244,-0.07412859869840283
56,2.4837393760681152,150.35403360637153,154.1012882485524,0.6715491712093353,OK,varus,varus,0.13232001837547888,0.1149655532859464,13.232001837547887,11.49655532859464,13.232001837547887,11.49655532859464,0.6664457193442753,-0.14511288852675008
57,2.5142500400543213,150.33200151493511,154.60027552965823,0.6708521544933319,OK,varus,varus,0.13240982248508146,0.11263499630146011,13.240982248508146,11.263499630146011,13.240982248508146,11.263499630146011,0.6606379534517016,-0.16086376790071233
58,2.5723133087158203,153.51111953275193,158.45928041612717,0.6519936621189117,OK,varus,varus,0.11763196342107898,0.09506750380300273,11.763196342107898,9.506750380300273,11.763196342107898,9.506750380300273,0.6545560445104326,-0.15640054556649474
59,2.6109466552734375,154.45702173026282,159.96717388064783,0.6470153629779816,OK,varus,varus,0.11326392006537667,0.08824765162376266,11.326392006537667,8.824765162376266,11.326392006537667,8.824765162376266,0.6471859770161764,-0.18321403737962427
60,2.6551625728607178,157.98570059919294,163.40595431243952,0.6351893246173859,OK,varus,varus,0.09717015277692787,0.07277339723320923,9.717015277692786,7.277339723320924,9.717015277692786,7.277339723320924,0.639467350074223,-0.18378636641042867
61,2.7016348838806152,158.91043227745632,164.5292799467312,0.6331725418567657,OK,varus,varus,0.093036897763758,0.06779125826434396,9.3036897763758,6.779125826434395,9.3036897763758,6.779125826434395,0.6304760490145,-0.17305374060334344
62,2.74542498588562,163.01443008219928,167.1791592784517,0.6205296218395233,OK,varus,varus,0.0746508627842247,0.056071406207794834,7.465086278422469,5.607140620779483,7.465086278422469,5.607140620779483,0.6237407071249824,-0.1876508424067751
63,2.781630516052246,164.12305640463254,167.85152518670046,0.6175187826156616,OK,varus,varus,0.0697059367218954,0.05313536742106576,6.9705936721895405,5.313536742106576,6.9705936721895405,5.313536742106576,0.6159336864948272,-0.18310972955204008
64,2.829862356185913,167.2681948881618,170.55131703932892,0.6079130470752716,OK,varus,varus,0.055674069724926424,0.04120588799418761,5.567406972492642,4.120588799418761,5.567406972492642,4.120588799418761,0.609191528388432,-0.1586072075209053
65,2.8675923347473145,168.38093093413096,172.10038703168536,0.6048462688922882,OK,varus,varus,0.05073247920176077,0.03444860080854548,5.073247920176077,3.444860080854548,5.073247920176077,3.444860080854548,0.6026517919131689,-0.1567319557004545
66,2.9021830558776855,173.9793713170452,175.4124736005251,0.5923662185668945,OK,varus,neutral,0.026229857463182214,0.019957058931086003,2.6229857463182213,1.9957058931086002,2.6229857463182213,1.9957058931086002,0.5977566880839211,-0.11580111377777014
67,2.977485418319702,177.34771042556542,178.69985189369456,0.5879942178726196,OK,neutral,neutral,0.011552629519975956,0.00565402546924559,1.1552629519975957,0.565402546924559,1.1552629519975957,0.565402546924559,0.5932518499238151,-0.06600254539562123
68,3.020195484161377,178.10711319040124,179.89546625977098,0.5873943865299225,OK,neutral,neutral,0.008248962996766628,-0.000455008875725707,0.8248962996766628,-0.045500887572570696,0.8248962996766628,0.045500887572570696,0.5902831895010812,-0.05962934075249837
69,3.07155442237854,178.47958457609792,179.67142890354367,0.58626389503479,OK,neutral,neutral,0.006625311881942907,-0.0014302863462874985,0.6625311881942907,-0.14302863462874985,0.6625311881942907,0.14302863462874985,0.5878307436193739,-0.02993434400767292
70,3.1109044551849365,178.69040525495302,179.5467258188356,0.5859849154949188,OK,neutral,neutral,0.005706138332250775,-0.0019732715976046506,0.5706138332250775,-0.19732715976046505,0.5706138332250775,0.19732715976046505,0.5871899851730892,-0.008302610320365389
71,3.1507043838500977,178.85168558369224,179.52908929363124,0.5871324241161346,OK,neutral,neutral,0.005003623568351766,-0.002050475124794753,0.5003623568351766,-0.2050475124794753,0.5003623568351766,0.2050475124794753,0.587180814572743,0.0015660976210103428
72,3.1833643913269043,179.15194573353108,179.67667365472093,0.5876791477203369,OK,neutral,neutral,0.003695344820336606,-0.001407974924154515,0.3695344820336606,-0.1407974924154515,0.3695344820336606,0.1407974924154515,0.5872801116534642,0.004921001459246455
73,3.222372055053711,179.12274962490417,179.17339738783372,0.5878809094429016,OK,neutral,neutral,0.003822360859181049,-0.0036003330591895533,0.38223608591810493,-0.3600333059189553,0.38223608591810493,0.3600333059189553,0.587559687239783,0.007245306369423332
74,3.2525172233581543,179.12501401052708,178.9192809587952,0.5879300236701965,OK,neutral,neutral,0.0038123375855149836,-0.004707631096015875,0.3812337585514984,-0.4707631096015875,0.3812337585514984,0.4707631096015875,0.5877799178872788,0.004277769776000362
75,3.2937073707580566,178.90612133485968,179.30578345236424,0.5880894660949707,OK,neutral,neutral,0.0047658019951880995,-0.0030235026667331036,0.47658019951881,-0.30235026667331033,0.47658019951881,0.30235026667331033,0.5877857037952967,0.0006142596786213872
76,3.342676877975464,178.80804718873534,179.53842893043927,0.5882209241390228,OK,neutral,neutral,0.005193112334318776,-0.002010054589277918,0.5193112334318777,-0.20100545892779179,0.5193112334318777,0.20100545892779179,0.5878433670316423,0.038512111677910355
77,3.374720573425293,178.7257859758162,179.84374232992064,0.5875265300273895,OK,neutral,neutral,0.005550438849791092,0.0006804960937484244,0.5550438849791092,0.06804960937484245,0.5550438849791092,0.06804960937484245,0.5898602732590267,0.06465676449582958
78,3.4134039878845215,178.65913063422812,179.54771263700815,0.5871729254722595,OK,neutral,neutral,0.005839972918418098,0.001969877616868874,0.5839972918418098,0.19698776168688742,0.5839972918418098,0.19698776168688742,0.5924414779458727,0.10187519217284802
79,3.446431875228882,179.23378075191818,176.75193742972016,0.5880827903747559,OK,neutral,neutral,-0.0033376906611295885,-0.01414785380378898,-0.33376906611295887,-1.414785380378898,0.33376906611295887,1.414785380378898,0.5967973683561597,0.1111803801920086
80,3.5096800327301025,176.00589181337963,173.9638766592072,0.6019992530345917,OK,neutral,valgus,-0.017423622945149472,-0.026311308009094335,-1.7423622945149473,-2.6311308009094336,1.7423622945149473,2.6311308009094336,0.6013215567384448,0.12661764797931596
81,3.549910545349121,175.01105101890906,173.5430095355522,0.6059984564781189,OK,valgus,valgus,-0.021766714818141776,-0.028130138341788805,-2.1766714818141777,-2.8130138341788804,2.1766714818141777,2.8130138341788804,0.6078251004219055,0.18851932583113928
82,3.5823116302490234,174.36993698035917,172.34086559026198,0.61858069896698,OK,valgus,valgus,-0.024561476406310748,-0.03338724000194506,-2.456147640631075,-3.338724000194506,2.456147640631075,3.338724000194506,0.614634313753673,0.21129246201791574
83,3.6221494674682617,174.31283812582848,172.29488520708693,0.6198902428150177,OK,valgus,valgus,-0.024772233506288873,-0.03355714869797506,-2.477223350628887,-3.3557148697975063,2.477223350628887,3.3557148697975063,0.6231075184685843,0.29994036445325634
84,3.6418559551239014,173.85789917826796,171.38184757035717,0.633051335811615,OK,valgus,valgus,-0.02670097006568811,-0.03749822146087088,-2.670097006568811,-3.749822146087088,2.670097006568811,3.749822146087088,0.6298687968935285,0.2881562415583492
85,3.6840596199035645,173.47398812448188,171.07234239316287,0.634837418794632,OK,valgus,valgus,-0.028361271521646872,-0.0388368029946473,-2.8361271521646874,-3.88368029946473,2.8361271521646874,3.88368029946473,0.637064095054354,0.15034980094226214
86,3.7260892391204834,173.61931332512444,169.88498473430985,0.6473952233791351,OK,valgus,valgus,-0.02763034712630905,-0.04406187217954972,-2.763034712630905,-4.4061872179549715,2.763034712630905,4.4061872179549715,0.64254025050572,0.14585894923121678
87,3.764329433441162,173.80754608414543,169.53367944675782,0.649328202009201,OK,valgus,valgus,-0.02681480441625164,-0.04556973283761413,-2.6814804416251636,-4.556973283761414,2.6814804416251636,4.556973283761414,0.6486595102718897,0.1289869334551037
88,3.8141462802886963,173.57068429068008,168.5016963919159,0.6563655436038971,OK,valgus,valgus,-0.027703045067215902,-0.05011779560983435,-2.7703045067215903,-5.011779560983435,2.7703045067215903,5.011779560983435,0.6530711352825164,0.14733948773832495
89,3.8392457962036133,173.6391233678013,167.95902401911604,0.6569137871265411,OK,valgus,valgus,-0.02734739328872423,-0.05246999182872224,-2.734739328872423,-5.246999182872224,2.734739328872423,5.246999182872224,0.6575126520224979,0.13521819755363307
90,3.8771960735321045,173.51181195793643,167.37844799584119,0.6627250611782074,OK,valgus,valgus,-0.02782672640696502,-0.054967085579316705,-2.782672640696502,-5.496708557931671,2.782672640696502,5.496708557931671,0.6602492673056466,0.06186503518820352
91,3.923452138900757,173.49924252615764,167.21566577433572,0.6639327108860016,OK,valgus,valgus,-0.0278583080537848,-0.05562137146451519,-2.78583080537848,-5.562137146451519,2.78583080537848,5.562137146451519,0.6625332619462694,0.03894255292789417
92,3.9642603397369385,173.56529777184218,166.92880434027614,0.6659280359745026,OK,valgus,valgus,-0.027643407646671867,-0.05689194483248548,-2.7643407646671867,-5.689194483248548,2.7643407646671867,5.689194483248548,0.6637467699391502,0.00820105575452601
93,3.9977505207061768,173.62467220236442,167.0022524336534,0.6665515303611755,OK,valgus,valgus,-0.027394445119996856,-0.05659288091608667,-2.7394445119996855,-5.659288091608667,2.7394445119996855,5.659288091608667,0.6634295242173331,-0.0524087440811325
94,4.034132719039917,173.52536097720014,166.2412545869696,0.6653161644935608,OK,valgus,valgus,-0.027843307258557555,-0.059913140026987166,-2.7843307258557557,-5.991314002698717,2.7843307258557557,5.991314002698717,0.659825780561992,-0.0973952730023262
95,4.079782724380493,173.48184130147615,165.92083698271688,0.6648600995540619,OK,valgus,valgus,-0.028047169289173824,-0.061274895434662385,-2.8047169289173826,-6.127489543466239,2.8047169289173826,6.127489543466239,0.6554746031761168,-0.12775305634827738
96,4.120975017547607,173.72612651898686,166.69643610964766,0.654693067073822,OK,valgus,valgus,-0.027155189098029418,-0.05795290999188809,-2.7155189098029417,-5.795290999188809,2.7155189098029417,5.795290999188809,0.6490064816815512,-0.1531324566063903
97,4.16774845123291,174.3722699966392,167.71853978142826,0.6374988555908203,OK,valgus,valgus,-0.024450599069729732,-0.05352208589793811,-2.4450599069729733,-5.352208589793811,2.4450599069729733,5.352208589793811,0.6420505600316184,-0.19475876926154712
98,4.204869270324707,175.25935781706093,167.94155109291273,0.6334744691848755,OK,valgus,valgus,-0.02058824299240145,-0.05257542101563295,-2.058824299240145,-5.2575421015632955,2.058824299240145,5.2575421015632955,0.633464502436774,-0.23346189735190492
99,4.242429256439209,175.56164385192693,169.58385626710847,0.6206511855125427,OK,neutral,valgus,-0.019292955895465178,-0.04536841248570512,-1.9292955895465178,-4.536841248570512,1.9292955895465178,4.536841248570512,0.624613527740751,-0.20609817721397494
100,4.296133995056152,175.7766318410224,170.00101685794442,0.6178600788116455,OK,neutral,valgus,-0.018365510681995236,-0.04352725757900159,-1.8365510681995236,-4.352725757900159,1.8365510681995236,4.352725757900159,0.6158142643315451,-0.1914396927537556
101,4.327618837356567,175.8049619669523,171.99532139597864,0.6052137613296509,OK,neutral,valgus,-0.018253832894916618,-0.03477670432776247,-1.8253832894916617,-3.4776704327762467,1.8253832894916617,3.4776704327762467,0.609277469771249,-0.20243166079119668
102,4.361213684082031,175.9789599249639,172.8892186936519,0.6029032766819,OK,neutral,valgus,-0.017516955201849534,-0.03091863933208189,-1.7516955201849533,-3.091863933208189,1.7516955201849533,3.091863933208189,0.6026626910482134,-0.16386481689271282
103,4.397862911224365,176.10716050559674,174.07393460365827,0.5930982232093811,OK,neutral,valgus,-0.01696995313144309,-0.025808982157487864,-1.696995313144309,-2.5808982157487863,1.696995313144309,2.5808982157487863,0.5979779064655303,-0.12958605060914685
104,4.431216239929199,176.05242712194894,174.4179816242218,0.591741293668747,OK,neutral,valgus,-0.017211719266943808,-0.024327228060797065,-1.7211719266943808,-2.4327228060797066,1.7211719266943808,2.4327228060797066,0.5936024061271122,-0.10054390135358293
105,4.476107597351074,175.9716025362743,175.41675146382607,0.5871710181236267,OK,neutral,neutral,-0.017570052181934203,-0.019958207532210354,-1.7570052181934204,-1.9958207532210355,1.7570052181934204,1.9958207532210355,0.5909402923924582,-0.08680915690537461
106,4.498901844024658,175.9645488637151,175.70534177988577,0.5878576934337616,OK,neutral,neutral,-0.017596154260807392,-0.018691288420743,-1.7596154260807393,-1.8691288420743,1.7596154260807393,1.8691288420743,0.5886431634426117,-0.07486393165093519
107,4.549705743789673,175.9851864292542,176.27956928551927,0.5872315764427185,OK,neutral,neutral,-0.01750898905817186,-0.016194698655908,-1.750898905817186,-1.6194698655907998,1.750898905817186,1.6194698655907998,0.5877739361354283,0.0003629463356897844
108,4.5829808712005615,175.98812363834838,176.60607196474305,0.5865789651870728,OK,neutral,neutral,-0.01749646845551077,-0.01477189627434578,-1.749646845551077,-1.477189627434578,1.749646845551077,1.477189627434578,0.588166811636516,0.02735595708970795
109,4.638182640075684,175.948613799698,176.41390200145173,0.5868233740329742,OK,neutral,neutral,-0.01767135154569828,-0.015606005873674613,-1.767135154569828,-1.5606005873674613,1.767135154569828,1.5606005873674613,0.59110084601811,0.06321890544582764
110,4.688080787658691,175.83765573288107,176.28220340526534,0.5870136320590973,OK,neutral,neutral,-0.01815285326349546,-0.016176993605037125,-1.815285326349546,-1.6176993605037124,1.815285326349546,1.6176993605037124,0.5947094517094748,0.12132675691752759
111,4.722791910171509,174.43716763709384,175.2032711298209,0.5944914221763611,OK,valgus,valgus,-0.024272453757765804,-0.02089100369788708,-2.4272453757765806,-2.089100369788708,2.4272453757765806,2.089100369788708,0.6001041914735521,0.146450358881828
112,4.765777349472046,173.50914497977362,174.55942944922398,0.6077092587947845,OK,valgus,valgus,-0.02831200471416103,-0.023706307321234705,-2.831200471416103,-2.3706307321234705,2.831200471416103,2.3706307321234705,0.6059220475809914,0.1621249688053057
113,4.805811882019043,173.15663982071788,173.87588431081932,0.6131179332733154,OK,valgus,valgus,-0.029838321221839267,-0.026691641572032517,-2.9838321221839266,-2.6691641572032516,2.9838321221839266,2.6691641572032516,0.6134111753531865,0.21152734985217236
114,4.839292526245117,172.7140401668548,172.51219420502667,0.6249947547912598,OK,valgus,valgus,-0.03177129809163791,-0.032634263150804206,-3.177129809163791,-3.263426315080421,3.177129809163791,3.263426315080421,0.621178137404578,0.2220446334139714
115,4.8780107498168945,172.79833078744906,171.89157773701643,0.627303957939148,OK,valgus,valgus,-0.031383751774320824,-0.03531834672555413,-3.1383751774320823,-3.531834672555413,3.1383751774320823,3.531834672555413,0.6293302902153559,0.18807196777065904
116,4.9165990352630615,172.21229482528148,169.50698620397324,0.6392472684383392,OK,valgus,valgus,-0.03386843725073948,-0.04571804401610245,-3.386843725073948,-4.571804401610245,3.386843725073948,4.571804401610245,0.635723156588418,0.16122822914016144
117,4.958707809448242,171.95561083396822,169.0602942965515,0.6413823664188385,OK,valgus,valgus,-0.03489538055536175,-0.047590924431010824,-3.4895380555361752,-4.759092443101083,3.4895380555361752,4.759092443101083,0.6423082436834062,0.12936472425203593
118,5.011948108673096,172.02389772812163,168.7456734330387,0.6515564918518066,OK,valgus,valgus,-0.03438520504001732,-0.048931652903610304,-3.438520504001732,-4.89316529036103,3.438520504001732,4.89316529036103,0.6473769545555114,0.10837844845819156
119,5.056562185287476,172.39003918465,168.71828803187242,0.6524593234062195,OK,valgus,valgus,-0.03276156844161996,-0.049018555086162006,-3.276156844161996,-4.901855508616201,3.276156844161996,4.901855508616201,0.6527046774114882,0.09596976930800238
120,5.0963006019592285,172.4659464124729,168.7499403614598,0.6592135429382324,OK,valgus,valgus,-0.03233363081568037,-0.04899378815086051,-3.2333630815680374,-4.899378815086051,3.2333630815680374,4.899378815086051,0.6556884007794516,0.06946029258116937
121,5.134368419647217,172.63756994107072,168.86619300191688,0.6604757308959961,OK,valgus,valgus,-0.03160224952080321,-0.04850511385555294,-3.160224952080321,-4.850511385555294,3.160224952080321,4.850511385555294,0.6581275165081024,0.04460302442944197
122,5.169903993606567,172.61660633494304,169.0833122817658,0.6645980179309845,OK,valgus,valgus,-0.03172862641853866,-0.047561960283119945,-3.172862641853866,-4.756196028311995,3.172862641853866,4.756196028311995,0.6590666600636073,0.021223389652443636
123,5.229432106018066,172.61813893854352,169.33764065592243,0.6601333320140839,OK,valgus,valgus,-0.03172112021233462,-0.04618814548690033,-3.172112021233462,-4.618814548690033,3.172112021233462,4.618814548690033,0.6598110198974609,-0.029192914384955415
124,5.2694315910339355,172.65083369362668,169.56289568704096,0.6584561765193939,OK,valgus,valgus,-0.03161159654104406,-0.04510257031591088,-3.1611596541044062,-4.510257031591088,3.1611596541044062,4.510257031591088,0.6575226059981754,-0.07185953835606895
125,5.306419849395752,172.6347797449779,170.22345394019592,0.6581304967403412,OK,valgus,valgus,-0.03186670716490225,-0.04234062850251867,-3.1866707164902253,-4.234062850251867,3.1866707164902253,4.234062850251867,0.6543636151722498,-0.09926816680993245
126,5.35377049446106,172.57921213548383,170.62771935041764,0.6576698422431946,OK,valgus,valgus,-0.03220942123005662,-0.04065226925089417,-3.220942123005662,-4.0652269250894175,3.220942123005662,4.0652269250894175,0.6488228866032191,-0.14082812324182648
127,5.38769793510437,172.77113924815882,170.72718312237907,0.6431946456432343,OK,valgus,valgus,-0.03138963283108171,-0.04018094672062992,-3.138963283108171,-4.0180946720629915,3.138963283108171,4.0180946720629915,0.6434660596506936,-0.16669680357085337
128,5.426470994949341,172.79635429689444,170.74642090515917,0.6383627951145172,OK,valgus,valgus,-0.03130915400296517,-0.0401247761781408,-3.1309154002965167,-4.01247761781408,3.1309154002965167,4.01247761781408,0.6366125089781625,-0.16611600712556562
129,5.47281289100647,172.97982036271313,171.23056336747263,0.6258129179477692,OK,valgus,valgus,-0.03049437226034005,-0.0380473632770009,-3.049437226034005,-3.8047363277000903,3.049437226034005,3.8047363277000903,0.6295039653778076,-0.34543251179164614
130,5.494553327560425,173.15463867451953,171.73581610824095,0.622635543346405,OK,valgus,valgus,-0.02979890203658289,-0.03594740686051082,-2.979890203658289,-3.5947406860510815,2.979890203658289,3.5947406860510815,0.6200354823044368,-0.3516091710526501
131,5.547742605209351,173.74211997904644,172.38809757355952,0.610481321811676,OK,valgus,valgus,-0.02722829948765321,-0.03310590925310287,-2.722829948765321,-3.310590925310287,2.722829948765321,3.310590925310287,0.6122535509722573,-0.13907624420802822
132,5.60128927230835,173.79574000370735,172.5156693053322,0.6083706915378571,OK,valgus,valgus,-0.027028985807945896,-0.03260755535730705,-2.7028985807945896,-3.2607555357307048,2.7028985807945896,3.2607555357307048,0.6051962333066122,-0.14182831859158185
133,5.635673522949219,179.8736186385342,178.62151431885064,0.591390460729599,OK,neutral,neutral,-0.0005500500204704421,-0.0060018176943955805,-0.05500500204704421,-0.600181769439558,0.05500500204704421,0.600181769439558,0.6000980990273612,-0.12365191984763602
134,5.6916773319244385,177.23605339080825,179.3415600424115,0.5887211263179779,OK,neutral,neutral,0.012049355621690152,0.0028663705259083746,1.2049355621690152,0.28663705259083744,1.2049355621690152,0.28663705259083744,0.5954186575753349,-0.07744983699222807
135,5.731292724609375,176.88014334195054,177.99415430402223,0.5889615714550018,OK,neutral,neutral,0.013606162123415365,0.008731016226175458,1.3606162123415364,0.8731016226175458,1.3606162123415364,0.8731016226175458,0.5925215567861284,-0.07337412560690382
136,5.766071796417236,176.31052761874648,178.8892639506633,0.5901259779930115,OK,neutral,neutral,0.01607712870783181,0.004832401874321818,1.607712870783181,0.48324018743218183,1.607712870783181,0.48324018743218183,0.5899622397763388,-0.0354996151462732
137,5.80137300491333,176.44453091272274,179.1429450156712,0.5898794531822205,OK,neutral,neutral,0.015484504363070362,0.0037277544328659954,1.5484504363070362,0.37277544328659956,1.5484504363070362,0.37277544328659956,0.5900738068989345,0.008643068782149044
138,5.84327507019043,176.16758561859342,178.99445751321443,0.5902016162872314,OK,neutral,neutral,0.016695494519072863,0.004376430166867876,1.6695494519072862,0.4376430166867876,1.6695494519072862,0.4376430166867876,0.5907086602279118,0.014969058014478342
139,5.892895698547363,176.01628172052747,178.98132115147587,0.5904554724693298,OK,neutral,neutral,0.017357708202791207,0.004434538143205972,1.7357708202791207,0.4434538143205972,1.7357708202791207,0.4434538143205972,0.5914407500198909,0.015122178082534354
140,5.935053110122681,174.39200557754648,177.16763624481314,0.5921714305877686,OK,varus,neutral,0.024447791423976205,0.01233860158420577,2.4447791423976204,1.233860158420577,2.4447791423976204,1.233860158420577,0.5920914581843786,0.07259368421304835
141,5.974138498306274,173.79554252807455,176.56290579501297,0.5931650996208191,OK,varus,neutral,0.02705325175085072,0.014977255722238122,2.705325175085072,1.497725572223812,2.705325175085072,1.497725572223812,0.5970000752380915,0.15506787726168714
142,6.014826774597168,171.44326278074146,174.94882931248225,0.5940861999988556,OK,varus,varus,0.037335556655846994,0.02202417566898075,3.7335556655846993,2.2024175668980748,3.7335556655846993,2.2024175668980748,0.6045582379613603,0.1759148969186093
143,6.063051462173462,170.59009213145055,174.49523393079255,0.5946809351444244,OK,varus,varus,0.041070009742612476,0.024008215796023198,4.107000974261248,2.40082157960232,4.107000974261248,2.40082157960232,0.6124790906906128,0.224306945102402
144,6.097739219665527,159.56813505248965,165.99962245755088,0.6242397725582123,OK,varus,varus,0.09010272101412577,0.061386226666295896,9.010272101412577,6.1386226666295896,9.010272101412577,6.1386226666295896,0.6217582864420754,0.22306601392870684
145,6.164570569992065,154.69274005193594,159.84904824002973,0.6431087553501129,OK,varus,varus,0.11223029391620186,0.0888309919383161,11.223029391620186,8.88309919383161,11.223029391620186,8.88309919383161,0.6309439071587154,0.21698851015411336
146,6.203523397445679,154.66223000688058,157.9311956389919,0.6459014415740967,OK,varus,varus,0.11236216168864441,0.09739875266516484,11.236216168864441,9.739875266516485,11.236216168864441,9.739875266516485,0.641202164547784,0.27311696941121255
147,6.23953914642334,150.78437490052383,154.6616954804387,0.6571258008480072,OK,varus,varus,0.1302147656984457,0.11209732283415917,13.02147656984457,11.209732283415917,13.02147656984457,11.209732283415917,0.6513638922146388,0.23356363541356728
148,6.279018402099609,150.85939596082747,155.1381183008315,0.6574644446372986,OK,varus,varus,0.12983048164909014,0.10975738488955715,12.983048164909015,10.975738488955715,12.983048164909015,10.975738488955715,0.658482334443501,0.15851849995563327
149,6.312588691711426,148.6063019466766,154.43808685265589,0.6658940017223358,OK,varus,varus,0.14036204239832784,0.11301941683565038,14.036204239832784,11.301941683565039,14.036204239832784,11.301941683565039,0.6631818371159689,0.11761529336558141
150,6.364520788192749,148.37084683166213,155.35311307718072,0.6658130288124084,OK,varus,varus,0.14140842288152805,0.10898733221685289,14.140842288152806,10.898733221685289,14.140842288152806,10.898733221685289,0.6674923300743103,0.0737546362103032
151,6.406849384307861,147.2100190738341,153.68968953730734,0.6740688681602478,OK,varus,varus,0.14695758411164273,0.1168269400868083,14.695758411164272,11.68269400868083,14.695758411164272,11.68269400868083,0.6702952001776014,0.06764185077656393
152,6.43929123878479,146.65756138041334,152.8589065748945,0.6760052740573883,OK,varus,varus,0.14954085344221946,0.12069020266133763,14.954085344221946,12.069020266133764,14.954085344221946,12.069020266133764,0.6725250567708697,0.044967314632378574
153,6.466222763061523,145.94266306474498,152.7781612927084,0.676074892282486,OK,varus,varus,0.15303341924553632,0.12105455835708542,15.303341924553632,12.105455835708542,15.303341924553632,12.105455835708542,0.6732047413076674,0.019619298043027644
154,6.52570652961731,145.79996926702668,152.61598382658275,0.6767458915710449,OK,varus,varus,0.15376694681154823,0.12178463681349282,15.376694681154824,12.178463681349282,15.376694681154824,12.178463681349282,0.6736336393015724,-0.03379562093926225
155,6.568129062652588,146.1610906401429,153.54321038457806,0.6730734407901764,OK,varus,varus,0.151954873885335,0.11753113572363731,15.195487388533499,11.75311357236373,15.195487388533499,11.75311357236373,0.6709593151296886,-0.06349134311681048
156,6.624006986618042,146.7266493579056,153.93809590419596,0.6706517934799194,OK,varus,varus,0.1493296463577384,0.11571123296722934,14.93296463577384,11.571123296722934,14.93296463577384,11.571123296722934,0.6673783447061266,-0.10867779199434224
157,6.661010265350342,147.13826238681938,154.23112458079424,0.6688153147697449,OK,varus,varus,0.14740648767329467,0.11436454919310873,14.740648767329468,11.436454919310874,14.740648767329468,11.436454919310874,0.6622642150947026,-0.14371981664591793
158,6.699537515640259,149.58599913972603,155.60834241576245,0.6553485989570618,OK,varus,varus,0.13590516319532925,0.10806269928793757,13.590516319532925,10.806269928793757,13.590516319532925,10.806269928793757,0.6565059636320386,-0.16762316172159863
159,6.737423658370972,150.62513143328744,156.70596775082427,0.650938481092453,OK,varus,varus,0.13105201448602433,0.10305992555070397,13.105201448602433,10.305992555070397,13.105201448602433,10.305992555070397,0.6494786569050379,-0.20468656390726458
160,6.769311189651489,152.96394941388928,160.87739025899126,0.6402759850025177,OK,varus,varus,0.12015873911811015,0.08414901015838991,12.015873911811015,8.414901015838991,12.015873911811015,8.414901015838991,0.6424363596098763,-0.21452069188726064
161,6.809573411941528,153.84070423655493,163.24048803133138,0.6364381313323975,OK,varus,varus,0.11612387985524897,0.07362071273020583,11.612387985524897,7.362071273020583,11.612387985524897,7.362071273020583,0.6341209369046348,-0.20027546205278846
162,6.844264030456543,157.6604415681262,166.3053342903898,0.6238822937011719,OK,varus,varus,0.09861311933173236,0.059953562024532676,9.861311933173237,5.995356202453268,9.861311933173237,5.995356202453268,0.6273602545261383,-0.19403931623512882
163,6.881175518035889,159.29950182749607,167.88923108853615,0.6213557124137878,OK,varus,varus,0.09118983032809373,0.05297608619524772,9.118983032809373,5.297608619524772,9.118983032809373,5.297608619524772,0.6202311898980822,-0.17884399207001422
164,6.917564153671265,163.6545547870805,170.8497728256837,0.6106073558330536,OK,varus,varus,0.07175649915007781,0.03993465890295098,7.1756499150077815,3.993465890295098,7.1756499150077815,3.993465890295098,0.614236124924251,-0.16994814973004058
165,6.955063343048096,164.82188809171174,171.84201679336013,0.6080238223075867,OK,varus,varus,0.06656831246405212,0.03561344170549328,6.656831246405212,3.5613441705493276,6.656831246405212,3.5613441705493276,0.6076623712267194,-0.13956987627463047
166,7.013726234436035,169.19308400326437,174.18493322400647,0.6010350286960602,OK,varus,varus,0.04718798035635685,0.02534999202168541,4.718798035635685,2.534999202168541,4.718798035635685,2.534999202168541,0.6027541416031974,-0.09309905457313405
167,7.063103199005127,170.09096880319026,174.33224960176221,0.5983105301856995,OK,varus,varus,0.043238476146857545,0.024684558128055402,4.3238476146857545,2.4684558128055403,4.3238476146857545,2.4684558128055403,0.5977652456079211,-0.08748325137356261
168,7.107309341430664,173.84403060417912,176.76549090470067,0.5904218554496765,OK,varus,neutral,0.026853180997525122,0.014082467126267876,2.685318099752512,1.4082467126267877,2.685318099752512,1.4082467126267877,0.594434359243938,-0.06913305015947468
169,7.15521502494812,175.24969380828452,177.21266952320823,0.5895246863365173,OK,varus,neutral,0.020718842876664402,0.012135680227044001,2.0718842876664403,1.2135680227044001,2.0718842876664403,1.2135680227044001,0.5914451905659267,-0.05771022449033758
170,7.1847546100616455,178.6904606664644,178.76078906449789,0.5864334404468536,OK,neutral,neutral,0.005707203967159954,-0.005394890415746798,0.5707203967159954,-0.5394890415746798,0.5707203967159954,0.5394890415746798,0.5898258217743465,-0.04222874621725481
171,7.236145496368408,179.30677267645862,177.5728203989664,0.5872911512851715,OK,neutral,neutral,0.003020740230932598,-0.010568109515546622,0.3020740230932598,-1.0568109515546622,0.3020740230932598,1.0568109515546622,0.5887814121586936,-0.009672685494307665
172,7.285327196121216,179.3795370481955,177.08238680622563,0.5870996415615082,OK,neutral,neutral,0.002702790568487838,-0.012704860908087777,0.2702790568487838,-1.2704860908087776,0.2702790568487838,1.2704860908087776,0.5888069697788784,0.0015590014596051915
173,7.332796335220337,179.60635160142212,176.62545254720874,0.5896994471549988,OK,neutral,neutral,0.0017153853000021427,-0.014705332024433264,0.17153853000021427,-1.4705332024433264,0.17153853000021427,1.4705332024433264,0.5889285930565425,0.008612092236784719
174,7.368028402328491,179.7098995003694,176.519364791334,0.5909996628761292,OK,neutral,neutral,0.0012642864999773667,-0.015172991325577248,0.12642864999773668,-1.5172991325577248,0.12642864999773668,1.5172991325577248,0.589390218257904,0.010278200006426985
175,7.41681694984436,179.74514924046068,176.62510720822675,0.5906007587909698,OK,neutral,neutral,0.0011104585966230191,-0.014712221413492417,0.11104585966230192,-1.4712221413492417,0.11104585966230192,1.4712221413492417,0.5897008691515241,0.008345838894232571
176,7.451479196548462,179.735452764633,176.8415991950882,0.5903760492801666,OK,neutral,neutral,0.0011526159122099474,-0.013768136543297393,0.11526159122099475,-1.3768136543297393,0.11526159122099475,1.3768136543297393,0.590038878577096,0.0047859319389083055
177,7.490813255310059,179.7340253975549,177.30556698989568,0.5896648168563843,OK,neutral,neutral,0.0011586530151796988,-0.011744716950916787,0.11586530151796988,-1.1744716950916787,0.11586530151796988,1.1744716950916787,0.5900054872035979,-0.0037500562872399
178,7.525535821914673,179.74123215301202,177.55247522968915,0.5894657075405121,OK,neutral,neutral,0.0011272487387961746,-0.010668391416038025,0.11272487387961747,-1.0668391416038026,0.11272487387961747,1.0668391416038026,0.5897863507270812,-0.0063110679291663516
