frame,time_s,side,facing_direction,knee_internal_angle_deg,knee_flexion_deg,hip_internal_angle_deg,hip_flexion_deg,trunk_flexion_deg,ankle_internal_angle_deg,ankle_dorsiflexion_deg,foot_inclination_deg,foot_inclination_relative_deg,visibility,visibility_min
0,0.0,left,right,173.64744775494552,6.352552245054483,179.4571907073506,0.5428092926493946,-2.1834580628654163,80.43210570958185,,-5.941609400878493,,Visibilité insuffisante,0.39006713032722473
1,0.06419134140014648,left,right,173.7649736279932,6.235026372006814,179.61106067836158,0.3889393216384178,-2.243866282074942,81.17374617201905,,-5.224033059687505,,Visibilité insuffisante,0.3891429305076599
2,0.11845827102661133,left,right,173.80931721580708,6.190682784192916,179.59826134938206,0.40173865061794345,-2.2564853626508317,70.51261941045308,,-15.954921818622731,,Visibilité insuffisante,0.3918135166168213
3,0.1766033172607422,left,right,173.84753281497882,6.15246718502118,179.60002906941915,0.3999709305808494,-2.272018048999953,67.82405242329466,,-18.695469371264956,,Visibilité insuffisante,0.3943106532096863
4,0.22573351860046387,left,right,173.89915861957678,6.100841380423219,179.77408883945938,0.225911160540619,-2.2189613689067813,73.71944805749108,,-12.624583091533095,,Visibilité insuffisante,0.3905539810657501
5,0.2960231304168701,left,right,173.81706535682736,6.1829346431726435,179.73200198007245,0.26799801992754624,-2.3585912384372567,75.23045748085295,,-11.213197134339225,,Visibilité insuffisante,0.3900797367095947
6,0.35167956352233887,left,right,173.60785856743274,6.392141432567257,179.77881557538646,0.22118442461353993,-2.3850145318114224,76.74520281728873,,-9.468854706569003,,Visibilité insuffisante,0.38802170753479004
7,0.4025444984436035,left,right,173.80241875074867,6.1975812492513285,179.92585623986972,0.07414376013028345,-2.4217471853524795,77.10022796547877,,-9.198081730752632,,Visibilité insuffisante,0.3868212401866913
8,0.4560110569000244,left,right,173.93346361165484,6.066536388345156,179.96334462809625,-0.036655371903748346,-2.460022947626104,77.39224977294893,,-8.964581414428249,,Visibilité insuffisante,0.3855413794517517
9,0.5144078731536865,left,right,173.87244290629096,6.127557093709044,179.94705206885197,-0.05294793114802587,-2.50335374017371,77.69024251924917,,-8.632606196067453,,Visibilité insuffisante,0.38403457403182983
10,0.5664474964141846,left,right,173.80956232467545,6.190437675324546,179.9756417483806,-0.024358251619389648,-2.507463746227551,80.13577467234468,,-6.156893146938953,,Visibilité insuffisante,0.3849266767501831
11,0.6193127632141113,left,right,173.70196844950047,6.29803155049953,179.9623567939794,0.037643206020590014,-2.5343508106437342,79.70593986248241,,-6.568022603682407,,Visibilité insuffisante,0.38343292474746704
12,0.6748313903808594,left,right,173.60542891361885,6.3945710863811485,179.88995056630492,0.11004943369508169,-2.540103110682229,79.38028167310051,,-6.875299784895657,,Visibilité insuffisante,0.38204237818717957
13,0.7273464202880859,left,right,173.61864994728396,6.381350052716044,179.92300117280587,-0.07699882719413154,-2.8402174561023266,79.87201267222791,,-6.509855903964217,,Visibilité insuffisante,0.3808181881904602
14,0.7788913249969482,left,right,173.5936857761627,6.406314223837313,179.93675431503993,-0.06324568496006577,-2.8360926765776213,79.70013809412639,,-6.666394673653832,,Visibilité insuffisante,0.38081249594688416
15,0.8279440402984619,left,right,173.5937164042029,6.406283595797106,179.8629070969366,0.1370929030634045,-2.809529286345714,80.26165617377228,,-6.278682419839738,,Visibilité insuffisante,0.38674747943878174
16,0.8913323879241943,left,right,173.58155912044398,6.418440879556016,179.74803667198447,0.25196332801553467,-2.7909846785082157,80.59674300751833,,-6.027764119449401,,Visibilité insuffisante,0.39173999428749084
17,0.9455828666687012,left,right,173.52757491732308,6.472425082676921,179.76969600379405,0.23030399620594721,-2.835915191533195,81.18075124088163,,-5.413042864180581,,Visibilité insuffisante,0.39080002903938293
18,1.0028786659240723,left,right,173.49325697666967,6.50674302333033,179.77239265254602,0.2276073474539828,-2.857210410850437,81.57531846569289,,-5.002756269281207,,Visibilité insuffisante,0.3899102509021759
19,1.0568301677703857,left,right,173.5389918337613,6.461008166238713,179.70935729017899,0.2906427098210145,-2.840276289238514,81.76620905237809,,-4.903701780442737,,Visibilité insuffisante,0.38913559913635254
20,1.1093921661376953,left,right,173.71140880236493,6.288591197635071,179.9608033008585,-0.039196699141513136,-3.0405215538911823,81.47612779668486,,-5.236605860429698,,Visibilité insuffisante,0.38079676032066345
21,1.1502063274383545,left,right,173.70294614447366,6.297053855526343,179.77785267173752,-0.22214732826247996,-3.1958859106632644,81.32932108989299,,-5.347363636981446,,Visibilité insuffisante,0.37488532066345215
22,1.2060174942016602,left,right,173.84557779741334,6.154422202586659,179.41773703801033,-0.5822629619896702,-3.349222225066701,81.69146444562385,,-4.921072614866523,,Visibilité insuffisante,0.366636723279953
23,1.2588706016540527,left,right,173.85280400027168,6.147195999728325,179.2479429332368,-0.7520570667632,-3.4215397518433472,81.66241940368,,-4.859867281671809,,Visibilité insuffisante,0.35844117403030396
24,1.3186767101287842,left,right,173.4578003309853,6.542199669014707,178.97838607192804,-1.0216139280719574,-3.7523596007320292,80.97016028680919,,-5.218385716836139,,Visibilité insuffisante,0.34928059577941895
25,1.3661444187164307,left,right,173.48175445649272,6.518245543507277,178.96095422404778,-1.0390457759522178,-3.909119422638379,84.27396431692914,,-2.077863786249709,,Visibilité insuffisante,0.3396633267402649
26,1.4192135334014893,left,right,173.3867941743009,6.6132058256991115,179.0158291197989,-0.9841708802011055,-3.964183322708677,84.87261466318698,,-1.4941919536214894,,Visibilité insuffisante,0.33020973205566406
27,1.4731862545013428,left,right,173.32068408344313,6.679315916556874,179.11806871979903,-0.8819312802009733,-3.9355677436698455,85.12491586416829,,-1.2494046827437226,,Visibilité insuffisante,0.3211382031440735
28,1.527233600616455,left,right,173.14699632208527,6.853003677914728,179.6023577226723,-0.39764227732769086,-3.7535603819210692,85.73528133250603,,-0.7676330941726139,,Visibilité insuffisante,0.31418952345848083
29,1.581289529800415,left,right,173.0987846620238,6.901215337976197,179.72508449542718,-0.2749155045728173,-3.693430932218514,85.10602586470812,,-1.4112742249613779,,Visibilité insuffisante,0.3097069263458252
30,1.633159875869751,left,right,173.03641252512605,6.963587474873947,179.97379628229427,-0.026203717705726604,-3.552372069551073,88.18219090888294,,1.6196100319115554,,Visibilité insuffisante,0.30380919575691223
31,1.6846482753753662,left,right,172.95685475796233,7.043145242037667,179.83185903511807,0.1681409648819283,-3.4545315014542886,89.19638047518917,,2.616853250890608,,Visibilité insuffisante,0.29810911417007446
32,1.7467067241668701,left,right,173.0678030264651,6.9321969735349,179.9761317596044,0.023868240395586326,-3.521760008851518,76.2257589490018,,-10.387672326710398,,Visibilité insuffisante,0.29442718625068665
33,1.7982521057128906,left,right,173.11928744825653,6.880712551743471,179.948813066293,-0.05118693370698679,-3.5673290924422205,73.24818646213389,,-13.387243144857873,,Visibilité insuffisante,0.2911709249019623
34,1.849334955215454,left,right,172.89162646214413,7.108373537855869,179.82961124615167,0.17038875384832863,-3.4793764501047697,86.84392002101156,,0.30252835491431385,,Visibilité insuffisante,0.2891606390476227
35,1.8963961601257324,left,right,172.79367392497804,7.206326075021963,179.74296281709317,0.25703718290682787,-3.5313683668784583,87.64042073878879,,1.0583412640254883,,Visibilité insuffisante,0.28477612137794495
36,1.956578254699707,left,right,172.5697457227291,7.430254277270905,179.1969839196759,0.8030160803241131,-3.342450817312299,86.49273327099489,,-0.22247934937059802,,Visibilité insuffisante,0.283760130405426
37,2.0151524543762207,left,right,172.6819561955613,7.318043804438702,179.011235471996,0.9887645280039976,-3.3083733382774123,85.7990224653579,,-1.1800715964848358,,Visibilité insuffisante,0.28515443205833435
38,2.0792689323425293,left,right,172.85104223760015,7.148957762399846,178.91867130701215,1.081328692987853,-3.3112316469241616,84.81888361845421,,-2.4247189590579525,,Visibilité insuffisante,0.2872956693172455
39,2.131033182144165,left,right,173.11736956556652,6.88263043443348,178.7847475991946,1.2152524008054115,-3.257508945183641,76.72023011426069,,-10.86990079729486,,Visibilité insuffisante,0.2878287136554718
40,2.185277223587036,left,right,173.53582374238655,6.464176257613445,178.60617245402952,1.3938275459704812,-3.181243631215851,72.14302423522902,,-15.967870684343882,,Visibilité insuffisante,0.28618404269218445
41,2.2417285442352295,left,right,172.92523044892727,7.074769551072734,177.63912246969306,2.3608775303069365,-2.762810643967977,85.40426872870525,,-2.644649894496933,,Visibilité insuffisante,0.28857654333114624
42,2.2954587936401367,left,right,172.46488803614423,7.535111963855769,176.8659104384499,3.1340895615500983,-2.4045712832920367,87.51477290944676,,-0.48877597153960045,,Visibilité insuffisante,0.2895519733428955
43,2.3508427143096924,left,right,171.9971591236288,8.00284087637121,175.76528970925048,4.234710290749518,-1.6167588244444966,87.28966630488523,,-0.558961933937587,,Visibilité insuffisante,0.2899097204208374
44,2.404200315475464,left,right,169.65090637270305,10.349093627296952,173.22775181473355,6.772248185266449,-0.6434510657609015,89.00588045248504,,1.939274828754647,,Visibilité insuffisante,0.287450909614563
45,2.4638900756835938,left,right,164.0824286719967,15.917571328003305,167.53308469695673,12.466915303043265,1.2089600824953564,88.20865175906134,,2.8682678665167596,,Visibilité insuffisante,0.28351667523384094
46,2.5085055828094482,left,right,160.82820189680632,19.17179810319368,164.89347371995743,15.106526280042573,1.959135218354786,86.74272761956506,,2.7671346610709437,,Visibilité insuffisante,0.2800943851470947
47,2.5589988231658936,left,right,158.14101463450285,21.858985365497148,160.58069417026178,19.41930582973822,3.6898051299271746,90.69924284962445,,6.828727515310538,,Visibilité insuffisante,0.27120643854141235
48,2.6103549003601074,left,right,157.27059701637472,22.729402983625278,160.00098227502573,19.999017724974266,3.707655491817389,88.02109457287389,,4.459135323342272,,Visibilité insuffisante,0.27227506041526794
49,2.662611246109009,left,right,151.44362062481724,28.556379375182757,154.17975936474042,25.82024063525958,5.307257199857548,87.73274748476753,,5.776143424548267,,Visibilité insuffisante,0.2808496654033661
50,2.713758707046509,left,right,142.3269896878363,37.67301031216371,143.9681040867452,36.0318959132548,7.999542172457524,84.79123201379194,,4.431888585158379,,Visibilité insuffisante,0.2871020436286926
51,2.765699863433838,left,right,117.88546925219852,62.11453074780148,136.62629606008278,43.37370393991722,10.100728426510429,98.24862134231317,,37.09017657670785,,Visibilité insuffisante,0.30034294724464417
52,2.815711736679077,left,right,102.331211311846,77.668788688154,129.04905085857038,50.95094914142962,11.862580391027416,92.53279162450657,,41.113211562258364,,Visibilité insuffisante,0.3112717568874359
53,2.867861270904541,left,right,115.47579543636802,64.52420456363198,125.03236114139442,54.96763885860558,12.606947261104121,97.94804260053662,,30.111555566667157,,Visibilité insuffisante,0.31749385595321655
54,2.9288902282714844,left,right,110.14481524593485,69.85518475406515,119.20143082047642,60.79856917952358,15.443299784887149,90.95089910246345,,25.450814461892158,,Visibilité insuffisante,0.32014036178588867
55,2.994204044342041,left,right,107.37826825947212,72.62173174052788,113.35000221864429,66.64999778135571,16.819849378545126,95.57032380932249,,28.36190714703978,,Visibilité insuffisante,0.32294562458992004
56,3.0554118156433105,left,right,101.78607543043505,78.21392456956495,108.86839818368091,71.13160181631909,16.588297165122782,83.34001585562005,,17.01063577398869,,Visibilité insuffisante,0.3261699974536896
57,3.104090929031372,left,right,97.50617994904928,82.49382005095072,105.91260908729616,74.08739091270384,16.625110214989885,82.30993458396223,,17.341473937198987,,Visibilité insuffisante,0.3342054784297943
58,3.1556947231292725,left,right,92.39706276718081,87.60293723281919,97.27097071970823,82.72902928029177,17.706103385311323,91.72507338387115,,24.30508472170987,,Visibilité insuffisante,0.33435913920402527
59,3.212472915649414,left,right,92.82750072854417,87.17249927145583,98.22539233949209,81.77460766050791,16.59002447334692,89.58732075796318,,21.575236842258025,,Visibilité insuffisante,0.33953651785850525
60,3.273099660873413,left,right,90.51836184967885,89.48163815032115,96.32370917697206,83.67629082302794,16.63589447440782,89.4706085258608,,21.911850327561826,,Visibilité insuffisante,0.35020995140075684
61,3.326195478439331,left,right,85.90254580512344,94.09745419487656,92.30240498354651,87.69759501645349,16.466062147294036,86.79318733563338,,19.65910866135049,,Visibilité insuffisante,0.39029380679130554
62,3.384293556213379,left,right,146.14317090984312,33.85682909015688,173.8897256910045,-6.110274308995514,17.941123116027132,105.707016063104,,73.61524257828354,,Visibilité insuffisante,0.42269647121429443
63,3.4368557929992676,left,right,96.0391742300801,83.9608257699199,105.43948009621246,74.56051990378754,18.08722425502451,88.25943471157788,,25.74696483273474,,Visibilité insuffisante,0.46366190910339355
64,3.4933125972747803,left,right,136.32438390533378,43.675616094666225,175.63357331028115,4.36642668971885,19.7340373859456,96.2500420210996,,65.29326881199258,,Visibilité insuffisante,0.4691992998123169
65,3.5459890365600586,left,right,124.53333056385695,55.46666943614305,162.8437581727686,17.156241827231412,20.28737987793087,96.48298231239649,,65.08078979923897,,Visibilité insuffisante,0.471329927444458
66,3.599724054336548,left,right,89.06751384738082,90.93248615261918,101.56472999355269,78.43527000644731,18.720666605132614,87.39693364993151,,28.614816401235977,,Visibilité insuffisante,0.4867382347583771
67,3.6539931297302246,left,right,84.17463056536756,95.82536943463244,92.14070622492407,87.85929377507593,17.23917405477274,89.56499828653229,,24.770248000861535,,OK,0.532524824142456
68,3.7128641605377197,left,right,92.61625491343828,87.38374508656172,92.4849529401227,87.5150470598773,19.025795911847133,98.01700163329153,,26.911495571823068,,OK,0.5347146987915039
69,3.7638416290283203,left,right,87.71379640517067,92.28620359482933,96.52967283247868,83.47032716752132,19.928167570496107,88.49325531828596,,27.23729931609007,,OK,0.5369299650192261
70,3.814663887023926,left,right,97.35887585796459,82.64112414203541,131.27916651127313,48.72083348872687,18.85257682284297,94.47731881107168,,57.25018628722317,,OK,0.5152098536491394
71,3.8677313327789307,left,right,98.6852215011994,81.3147784988006,105.92926422493659,74.07073577506341,19.025274210407524,92.80362332039452,,29.072940254539258,,Visibilité insuffisante,0.4938254654407501
72,3.90865159034729,left,right,97.84505707837236,82.15494292162764,101.45417980719085,78.54582019280915,19.5021122569858,88.37979282984924,,21.491027815653545,,Visibilité insuffisante,0.4835226237773895
73,3.958199977874756,left,right,102.10868037120504,77.89131962879496,107.73487940649287,72.26512059350713,18.892294922298397,94.83368217783584,,29.35217613542205,,Visibilité insuffisante,0.47247782349586487
74,4.010333299636841,left,right,101.91923934817513,78.08076065182487,104.48109720466587,75.51890279533413,18.239079812607788,89.58097659969351,,20.381914268792034,,Visibilité insuffisante,0.47585514187812805
75,4.072998762130737,left,right,120.01451388620215,59.98548611379785,124.32157510199136,55.67842489800864,15.526970126426612,93.58573245483936,,23.419763797055168,,Visibilité insuffisante,0.475445032119751
76,4.126540660858154,left,right,124.07702276414278,55.92297723585722,125.9849864492141,54.015013550785895,15.215098483335554,85.94797775065523,,13.071039919062107,,Visibilité insuffisante,0.4572940468788147
77,4.192948579788208,left,right,139.06323506610357,40.93676493389643,138.45469645495075,41.54530354504925,12.592827157213177,85.2471197597553,,7.231408305815641,,Visibilité insuffisante,0.45017436146736145
78,4.251460075378418,left,right,156.07672281495883,23.923277185041172,155.32783390627637,24.672166093723632,8.11732030604181,94.77553086357332,,12.143962260932668,,Visibilité insuffisante,0.4339123070240021
79,4.3042027950286865,left,right,162.1791993356612,17.820800664338805,162.41038596722836,17.589614032771635,5.730004798832259,90.57962867671206,,6.540820107111483,,Visibilité insuffisante,0.4257299304008484
80,4.359754323959351,left,right,161.9573388930327,18.0426611069673,164.0078979096416,15.9921020903584,4.041540158110063,89.87393011361375,,5.966029288332704,,Visibilité insuffisante,0.4258384704589844
81,4.407358169555664,left,right,165.61577522207926,14.384224777920736,168.15403297162382,11.84596702837618,2.1321017688171855,88.3937954167801,,3.0641549351418402,,Visibilité insuffisante,0.4056253135204315
82,4.457200288772583,left,right,169.2027525066489,10.797247493351108,171.79102789718075,8.208972102819246,0.13167995156188075,78.00916308041319,,-9.27088157749308,,Visibilité insuffisante,0.41366156935691833
83,4.49804425239563,left,right,171.56528568486794,8.434714315132055,176.97398205647835,3.0260179435216514,-2.445611220474085,86.48907011233321,,-0.5478447365304597,,Visibilité insuffisante,0.3984403908252716
84,4.550855875015259,left,right,172.55914060041476,7.440859399585236,178.9043307485522,1.095669251447788,-3.336730202647769,87.8083753773742,,0.8168353228638707,,Visibilité insuffisante,0.3810231387615204
85,4.606431722640991,left,right,174.29707180371486,5.702928196285143,178.57369060244997,-1.4263093975500283,-4.643607227887527,82.63642361285459,,-4.877946021197792,,Visibilité insuffisante,0.37282395362854004
86,4.669374704360962,left,right,178.00891503725032,1.9910849627496816,175.97952291665268,-4.020477083347316,-5.4300680584793675,74.35977164471727,,-15.058734367665123,,Visibilité insuffisante,0.3642841577529907
87,4.721365690231323,left,right,177.285533875049,2.7144661249510023,176.25844154886505,-3.7415584511349493,-5.391001436778855,78.93663936843126,,-9.998337492261633,,Visibilité insuffisante,0.3539992570877075
88,4.770853042602539,left,right,175.95186958292697,4.0481304170730255,175.79056755231105,-4.209432447688954,-5.891083962317653,77.03902424357918,,-10.594496853976478,,Visibilité insuffisante,0.34029072523117065
89,4.826423168182373,left,right,175.6751931732989,4.324806826701092,175.74484256101908,-4.255157438980916,-5.831024484709762,82.44465943210584,,-4.806400786921933,,Visibilité insuffisante,0.3260660767555237
90,4.8792102336883545,left,right,177.057095337884,2.942904662116007,176.09816953394161,-3.901830466058385,-5.77767597211266,75.13611475684432,,-13.79682608709392,,Visibilité insuffisante,0.32044512033462524
91,4.935407638549805,left,right,176.66138983593436,3.338610164065642,175.98679000962338,-4.013209990376623,-5.7738978927377005,69.80228826022727,,-18.61978947806815,,Visibilité insuffisante,0.31195321679115295
92,4.992841005325317,left,right,176.22891784219232,3.771082157807683,176.34652029501888,-3.653479704981123,-5.680839942024774,87.03390574498519,,-1.2223723342507646,,Visibilité insuffisante,0.30630365014076233
93,5.04598069190979,left,right,175.1068071543205,4.8931928456794935,177.58541889518085,-2.414581104819149,-5.002756374788088,83.39492731345415,,-4.300055110835283,,Visibilité insuffisante,0.30105772614479065
94,5.111602783203125,left,right,171.57273333041255,8.427266669587453,177.64501235973304,2.3549876402669554,-2.7712076476743563,92.94696587170434,,6.248037253350474,,Visibilité insuffisante,0.29516300559043884
95,5.1628944873809814,left,right,170.11380348644414,9.88619651355586,175.53414888423436,4.465851115765645,-1.8000852649343109,93.2845420434,,6.9048021762559095,,Visibilité insuffisante,0.2914266586303711
96,5.222153663635254,left,right,161.96336028136315,18.03663971863685,166.26355090264508,13.736449097354921,1.4505970455239803,88.85884909755585,,4.609636764361776,,Visibilité insuffisante,0.28335824608802795
97,5.2701427936553955,left,right,156.78603974006433,23.213960259935675,160.7000568592253,19.2999431407747,3.4228409668954147,85.9127337385484,,3.249591824604773,,Visibilité insuffisante,0.2741328775882721
98,5.323618650436401,left,right,151.89962427463527,28.100375725364728,156.1747520906105,23.825247909389503,4.498649658017518,82.78064221580391,,1.5544196897966642,,Visibilité insuffisante,0.27418047189712524
99,5.373327016830444,left,right,149.37639479214207,30.623605207857935,153.36999054408264,26.63000945591736,5.631462530497094,81.28613450829471,,0.9111927907323646,,Visibilité insuffisante,0.28503909707069397
100,5.42551589012146,left,right,144.21599434164114,35.784005658358865,147.55615557492217,32.44384442507783,6.873337401820433,82.25675764658443,,2.470256281685905,,Visibilité insuffisante,0.2953346073627472
101,5.477331638336182,left,right,139.76490096425647,40.23509903574353,142.26554180885498,37.73445819114502,8.309514205452825,81.52418104292613,,2.334336092977451,,Visibilité insuffisante,0.2914271354675293
102,5.531768798828125,left,right,137.92149202390812,42.078507976091885,140.82875694306736,39.17124305693264,9.0528343015739,67.19219522855633,,-10.84770555071051,,Visibilité insuffisante,0.2909906208515167
103,5.591599941253662,left,right,112.5888506110422,67.4111493889578,127.11983164000337,52.88016835999663,10.821850876801237,69.86619032240876,,5.219022228171176,,Visibilité insuffisante,0.292147696018219
104,5.652069091796875,left,right,103.37336717915257,76.62663282084743,119.42194072635554,60.578059273644456,13.672079598665725,77.66024052701206,,17.380893672880752,,Visibilité insuffisante,0.308767706155777
105,5.714439392089844,left,right,107.43045193541569,72.56954806458431,117.5586786764417,62.4413213235583,15.619335563772019,80.65560938317071,,16.403171687968737,,Visibilité insuffisante,0.3109132647514343
106,5.778170824050903,left,right,96.80952752157536,83.19047247842464,108.81040216152934,71.18959783847066,15.91258521741877,92.19013181426055,,30.10359167163329,,Visibilité insuffisante,0.32447710633277893
107,5.84121298789978,left,right,89.08817713607854,90.91182286392146,101.50635640523146,78.49364359476854,17.30911713518249,97.30212245310564,,37.02941885744104,,Visibilité insuffisante,0.3300906717777252
108,5.899593114852905,left,right,87.82397689789232,92.17602310210768,96.82921951846474,83.17078048153526,18.04434934667483,100.9710459291756,,38.02063789642285,,Visibilité insuffisante,0.3280197083950043
109,5.959950923919678,left,right,82.94494704404224,97.05505295595776,92.57850467744342,87.42149532255658,14.88678150315194,84.95766129069412,,19.478000427247245,,Visibilité insuffisante,0.37790846824645996
110,6.0270233154296875,left,right,145.68011694546973,34.319883054530266,173.73890815660135,-6.2610918433986456,18.065916653579198,85.28425696418414,,53.93114851569227,,Visibilité insuffisante,0.41100260615348816
111,6.082902669906616,left,right,141.73828268390426,38.26171731609574,174.0334371959632,-5.966562804036812,18.025746172083213,82.02286746285772,,54.27689375507352,,Visibilité insuffisante,0.4376460909843445
112,6.137402534484863,left,right,115.72178821284804,64.27821178715196,151.89517208301726,28.104827916982742,17.504720017920008,55.62661068269387,,19.30471457078311,,Visibilité insuffisante,0.4407013952732086
113,6.1950438022613525,left,right,87.64024124659463,92.35975875340537,100.08927246261766,79.91072753738234,16.245518354881085,82.15789510310996,,20.852444674014084,,Visibilité insuffisante,0.4842177629470825
114,6.260056495666504,left,right,93.72729601227456,86.27270398772544,99.91399064627123,80.08600935372877,16.150769270665204,86.75251299865208,,19.089976903313932,,OK,0.5175245404243469
115,6.31782865524292,left,right,85.4720191686246,94.5279808313754,94.82761389662168,85.17238610337832,14.690343613589992,87.78462951227228,,21.830567853859367,,OK,0.5514523386955261
116,6.380405902862549,left,right,82.76715498502652,97.23284501497348,91.66071206416734,88.33928793583266,14.326590860887826,90.78265479143526,,24.002802731463888,,OK,0.5833503603935242
117,6.443036317825317,left,right,86.84539121807437,93.15460878192563,91.43187144943742,88.56812855056258,16.739704859655085,92.17978246541003,,23.505967556428153,,OK,0.5617464184761047
118,6.512737989425659,left,right,94.01256581408732,85.98743418591268,99.74363493890472,80.25636506109528,17.156562340934418,88.27812922516893,,21.16576069092073,,OK,0.5335607528686523
119,6.569694519042969,left,right,96.33033264046274,83.66966735953726,100.7720695262871,79.2279304737129,17.470004801496547,88.5571050192237,,20.46884670654461,,OK,0.5083994269371033
120,6.618524074554443,left,right,104.92024738213634,75.07975261786366,110.65532409458652,69.34467590541348,16.84484406649943,83.02966071374324,,15.60958149269284,,Visibilité insuffisante,0.4896765947341919
121,6.675764322280884,left,right,109.237648032351,70.762351967649,114.29305343218891,65.70694656781109,15.366673480900145,82.22721716775624,,12.649296048494278,,Visibilité insuffisante,0.4912109076976776
122,6.728171110153198,left,right,106.69574595443832,73.30425404556168,114.16162030693286,65.83837969306714,14.175811798660499,92.7778184116317,,24.419504562786727,,Visibilité insuffisante,0.48803335428237915
123,6.77339506149292,left,right,118.70470472159704,61.29529527840296,125.6273195655038,54.3726804344962,13.276291881606548,92.68050165450121,,22.879408380014507,,Visibilité insuffisante,0.4673416018486023
124,6.833354473114014,left,right,131.46711663876923,48.53288336123077,133.25438827233117,46.74561172766883,12.291241306205158,98.30567326827172,,22.38418620803879,,Visibilité insuffisante,0.449917197227478
125,6.88789439201355,left,right,146.9509848006443,33.04901519935569,142.45426172775603,37.545738272243966,9.694777879052767,78.34312129700675,,-6.458823896828747,,Visibilité insuffisante,0.4480888247489929
126,6.947539806365967,left,right,155.18103291187114,24.818967088128858,150.58191016203347,29.418089837966534,7.9136375614017656,86.11438215721508,,-0.5711030312208331,,Visibilité insuffisante,0.4316428601741791
127,7.015116930007935,left,right,161.30619136529822,18.69380863470178,157.69188086614488,22.308119133855115,6.051312510105705,85.91431965784915,,-1.6486783311985187,,Visibilité insuffisante,0.428851455450058
128,7.070376396179199,left,right,163.25152000821546,16.748479991784535,163.6238978949053,16.376102105094702,3.3486486283931414,71.72275516619665,,-14.556218318720374,,Visibilité insuffisante,0.43084633350372314
129,7.128326892852783,left,right,164.35857716212607,15.641422837873932,164.922803097196,15.07719690280399,2.5246916270129773,84.88501023401868,,-2.026072203898374,,Visibilité insuffisante,0.4107133448123932
130,7.195088863372803,left,right,169.22856212467903,10.77143787532097,170.77386417715678,9.226135822843219,0.8158896033533923,79.86189574963949,,-7.776912594529375,,Visibilité insuffisante,0.40029996633529663
131,7.258616924285889,left,right,172.78485461625834,7.215145383741657,176.08011317527527,3.9198868247247276,-1.2230737766352904,91.1738903605119,,3.2460751428935506,,Visibilité insuffisante,0.39000204205513
132,7.3130481243133545,left,right,171.54519237637808,8.454807623621917,177.98654037961273,2.013459620387266,-2.100237413891544,74.84943542519909,,-10.809453985457798,,Visibilité insuffisante,0.3745734989643097
133,7.376721620559692,left,right,174.37338479652936,5.626615203470635,178.16647952094,-1.833520479060013,-3.1872807732362456,76.57144541955704,,-9.155699671148561,,Visibilité insuffisante,0.3606893718242645
134,7.430230140686035,left,right,175.84812262898896,4.1518773710110395,177.84800306934946,-2.15199693065054,-3.13439681315487,83.08324785483256,,-3.7472746566607054,,Visibilité insuffisante,0.3463979959487915
135,7.483932733535767,left,right,175.71900039384252,4.280999606157479,178.14083939652832,-1.859160603471679,-3.0858807417275687,82.07387785039758,,-4.871842681700826,,Visibilité insuffisante,0.33415892720222473
136,7.543110609054565,left,right,176.43792956200414,3.5620704379958568,177.36343539188445,-2.636564608115549,-3.7519474852709847,69.7712453628698,,-17.782067076289753,,Visibilité insuffisante,0.3327469229698181
137,7.607835531234741,left,right,175.58983334156298,4.410166658437021,177.41406399141528,-2.5859360085847243,-3.847350338789521,73.38609158936559,,-13.465156082402167,,Visibilité insuffisante,0.3219856917858124
138,7.665125608444214,left,right,176.45676757811046,3.5432324218895417,177.94527080220453,-2.054729197795467,-3.8678864270850495,61.488915457573654,,-26.781009349826373,,Visibilité insuffisante,0.3207980692386627
139,7.720907926559448,left,right,175.6271630481484,4.37283695185161,178.5239598902244,-1.476040109775596,-3.8330071243657695,87.76681701268949,,-0.21731305004909435,,Visibilité insuffisante,0.31475239992141724
140,7.773524045944214,left,right,175.05674141208144,4.943258587918564,178.8823729554707,-1.1176270445293142,-3.7864174295543616,97.33975791893923,,9.614226121832736,,Visibilité insuffisante,0.3105204701423645
141,7.843744277954102,left,right,173.33672965182356,6.6632703481764395,178.6111631684254,1.3888368315745936,-2.711800949429861,94.80785341188283,,7.370485979054799,,Visibilité insuffisante,0.3017386198043823
142,7.906609535217285,left,right,166.3489780062258,13.651021993774208,171.66645961159603,8.333540388403975,-0.5342683110563501,91.51668347844246,,6.299896772756371,,Visibilité insuffisante,0.2952162027359009
143,7.957676649093628,left,right,163.42131103177962,16.578688968220376,168.78511184256868,11.214888157431318,0.3588173673849249,89.26413166495327,,4.986749843127259,,Visibilité insuffisante,0.29273730516433716
144,8.012882232666016,left,right,151.3301991734516,28.669800826548396,158.77198844561948,21.228011554380515,2.44557786986473,87.41484154383039,,7.302208685862981,,Visibilité insuffisante,0.29250162839889526
145,8.087343215942383,left,right,144.93726210974768,35.06273789025232,151.89243474450228,28.10756525549772,3.977733605602624,79.33291892881105,,0.2658251691682605,,Visibilité insuffisante,0.299871563911438
146,8.142929553985596,left,right,143.12669602102696,36.87330397897304,150.4258791593156,29.5741208406844,4.446751067237959,77.24272036245418,,-1.0113454320192095,,Visibilité insuffisante,0.3045598268508911
147,8.19561505317688,left,right,141.56530030800414,38.43469969199586,148.41842879215895,31.58157120784105,5.117988256703265,77.90838644800472,,-0.12049681113720677,,Visibilité insuffisante,0.3000390827655792
148,8.251684665679932,left,right,139.01266625088556,40.98733374911444,144.56645633612533,35.43354366387467,6.481866294763708,79.88533353898754,,1.9209899189909942,,Visibilité insuffisante,0.29927799105644226
149,8.307810068130493,left,right,123.23485995323584,56.76514004676416,133.86092328502113,46.13907671497887,8.759947826148927,72.63100511827066,,2.0170162762048576,,Visibilité insuffisante,0.29501667618751526
150,8.359245300292969,left,right,98.54015406325537,81.45984593674463,122.67463916743233,57.32536083256767,11.959000569714394,90.40218959944663,,36.495675273338,,Visibilité insuffisante,0.30110037326812744
151,8.41645622253418,left,right,109.93428448420606,70.06571551579394,121.29492553603066,58.70507446396934,13.592749872236624,96.803044673698,,31.756435597759218,,Visibilité insuffisante,0.3152020573616028
152,8.481592655181885,left,right,102.53116867377952,77.46883132622048,116.55111596439826,63.448884035601736,14.95801366273446,105.64982358353072,,44.627784536883915,,Visibilité insuffisante,0.32123181223869324
153,8.545111656188965,left,right,100.3778050252234,79.6221949747766,111.8156744348329,68.1843255651671,16.03594011445855,99.85617624394743,,37.32998576801548,,Visibilité insuffisante,0.3215442895889282
154,8.601510286331177,left,right,94.39933121946778,85.60066878053222,104.96014482352071,75.03985517647929,16.581375961209822,86.25130538371177,,23.39349494897453,,Visibilité insuffisante,0.3230067789554596
155,8.657822847366333,left,right,88.85379819393265,91.14620180606735,99.4048183058752,80.5951816941248,16.68084416545179,88.03707224805973,,25.26893652545407,,Visibilité insuffisante,0.3177686333656311
156,8.712916612625122,left,right,85.3418814134753,94.6581185865247,95.4370740883299,84.5629259116701,16.370246594641962,96.31611682154347,,32.78155609104,,Visibilité insuffisante,0.3230559229850769
157,8.777528047561646,left,right,87.80363031913204,92.19636968086796,96.4621108209475,83.5378891790525,16.260478566736914,82.52523441153988,,17.444193480092245,,Visibilité insuffisante,0.3242800235748291
158,8.845721006393433,left,right,142.80749036396284,37.19250963603716,178.70312315313083,1.2968768468691678,17.975714837397632,88.59113910099586,,52.46248672756147,,Visibilité insuffisante,0.35716527700424194
159,8.913369178771973,left,right,144.71994301989022,35.28005698010978,176.95022017023823,-3.049779829761775,18.5198328351805,86.87911215984983,,53.728781804901885,,Visibilité insuffisante,0.3688940405845642
160,8.96648120880127,left,right,128.30367213999438,51.696327860005624,154.62786579440223,25.372134205597774,17.5287394214672,77.4517101827167,,31.304643258591753,,Visibilité insuffisante,0.3843627870082855
161,9.020383596420288,left,right,103.2535840344534,76.7464159655466,105.78411983318975,74.21588016681025,17.679603524521795,90.84105795945987,,21.051197282718018,,Visibilité insuffisante,0.40201589465141296
162,9.080625534057617,left,right,96.64235913369777,83.35764086630223,100.56146821873443,79.43853178126557,17.7536063479379,88.64628158857607,,20.318997021550658,,Visibilité insuffisante,0.42737460136413574
163,9.145270109176636,left,right,91.94571641183879,88.05428358816121,95.56430345967217,84.43569654032783,17.25131154963672,85.93337456282862,,16.803273160298723,,Visibilité insuffisante,0.4529475271701813
164,9.209338665008545,left,right,95.92597693547015,84.07402306452985,97.48307170288528,82.51692829711472,17.620193446438165,84.54524734478443,,13.722535558637736,,Visibilité insuffisante,0.44961991906166077
165,9.279772996902466,left,right,96.14757228773504,83.85242771226496,98.44118338770248,81.55881661229752,17.909555940477457,82.92688693125268,,13.130053971697572,,Visibilité insuffisante,0.44104138016700745
166,9.336282014846802,left,right,94.12652403518405,85.87347596481595,98.24550345431824,81.75449654568176,17.605390082804064,95.16188713898524,,26.88625664092349,,Visibilité insuffisante,0.4222230315208435
167,9.382148742675781,left,right,93.81691787982365,86.18308212017635,98.41686316288138,81.58313683711862,17.86243566080483,101.3031895169907,,33.76557046085327,,Visibilité insuffisante,0.4181113541126251
168,9.428915023803711,left,right,108.94883612705291,71.05116387294709,115.65515814631468,64.34484185368532,16.148991765309418,89.93704764973705,,22.792361434308237,,Visibilité insuffisante,0.41404247283935547
169,9.482581615447998,left,right,117.50371022653081,62.49628977346919,124.54594623493945,55.45405376506055,13.605758296316147,94.83890636249981,,25.4869006672246,,Visibilité insuffisante,0.41795703768730164
170,9.5497305393219,left,right,116.53971689450238,63.46028310549762,124.30087667493412,55.699123325065884,13.102946202790642,83.81096880705827,,14.675074790280656,,Visibilité insuffisante,0.40777698159217834
171,9.608343601226807,left,right,148.59953873916584,31.400461260834163,150.7561908458916,29.24380915410839,8.730287841019965,74.2448640457087,,-4.868196006545565,,Visibilité insuffisante,0.4081169366836548
172,9.672503232955933,left,right,159.46209335141145,20.537906648588546,159.33659362390551,20.663406376094485,6.782362481403815,69.83966063066454,,-13.503476615437577,,Visibilité insuffisante,0.3932945132255554
173,9.738669633865356,left,right,159.39995620363914,20.600043796360865,160.95134924934004,19.04865075065996,5.359627326215189,75.88396670518294,,-7.205012922900948,,Visibilité insuffisante,0.3975549340248108
174,9.794682502746582,left,right,164.68680757597153,15.313192424028472,167.06365914554118,12.93634085445882,2.9352375599060068,82.47995935980275,,-2.2079515107215952,,Visibilité insuffisante,0.38597625494003296
175,9.854914426803589,left,right,164.79534658114022,15.204653418859778,168.22635800332532,11.773641996674684,2.101948007574616,82.54671911287197,,-1.9203214573682952,,Visibilité insuffisante,0.3808438777923584
176,9.915412664413452,left,right,170.27722608801378,9.722773911986224,174.55180169860427,5.448198301395735,-0.7199305585584101,83.61414922191095,,-2.831205726056998,,Visibilité insuffisante,0.37993404269218445
177,9.968880891799927,left,right,172.97039270716664,7.0296072928333615,178.79530867278805,1.2046913272119468,-2.3794573744432905,84.84896688805307,,-1.7055745207688162,,Visibilité insuffisante,0.3638114333152771
178,10.02121615409851,left,right,174.07818591835067,5.92181408164933,178.95210255427625,-1.0478974457237484,-3.3886793309403824,83.78770828324862,,-2.6312595203187024,,Visibilité insuffisante,0.35225340723991394
179,10.078438520431519,left,right,176.9768412646447,3.0231587353553095,176.07546657408284,-3.9245334259171614,-4.47062808568076,86.4306190270602,,-1.0923168973480797,,Visibilité insuffisante,0.34536463022232056
180,10.15267276763916,left,right,176.33755175913208,3.662448240867917,176.60771311889906,-3.3922868811009437,-4.514704641172935,85.78600698642842,,-1.6739625327756358,,Visibilité insuffisante,0.33868810534477234
181,10.212598085403442,left,right,175.65687937664387,4.343120623356128,177.38051077236105,-2.619489227638951,-4.343029500526689,85.27288277109555,,-2.107536878436041,,Visibilité insuffisante,0.32790452241897583
182,10.282491207122803,left,right,174.66120404622015,5.338795953779851,177.5931400943882,-2.4068599056118103,-4.24922583363046,84.6920229612166,,-1.8115470130222013,,Visibilité insuffisante,0.3170624077320099
183,10.346148014068604,left,right,174.4720092669751,5.527990733024893,177.47768025993582,-2.5223197400641766,-4.310622266099475,82.69145724368752,,-3.5688545493229173,,Visibilité insuffisante,0.30851298570632935
184,10.402015447616577,left,right,174.02893853006094,5.971061469939059,177.42813328758461,-2.5718667124153853,-4.363338185495233,69.29443095348796,,-16.525979049652797,,Visibilité insuffisante,0.3014301061630249
185,10.456090211868286,left,right,173.49518991236846,6.50481008763154,178.13202718652647,-1.8679728134735285,-4.09730271418649,72.98387061102594,,-12.740649202055458,,Visibilité insuffisante,0.2959986925125122
186,10.514426946640015,left,right,173.16731523720716,6.832684762792837,178.56537686733168,-1.434623132668321,-3.937372763129216,76.81888272158378,,-8.851182146084268,,Visibilité insuffisante,0.2921658754348755
187,10.565347909927368,left,right,172.1240380402372,7.8759619597628046,179.514789113187,0.4852108868130074,-3.1191133112351546,85.84307779988825,,0.1147155616028857,,Visibilité insuffisante,0.29269230365753174
188,10.619547367095947,left,right,168.66028906248982,11.339710937510176,175.347582777532,4.652417222467989,-1.5874333678614616,91.66505096746194,,6.764911314642641,,Visibilité insuffisante,0.2935633957386017
189,10.683406591415405,left,right,167.80173720105574,12.198262798944256,173.68784739211003,6.312152607889971,-0.727422920896449,90.04570333821047,,5.2043906083682945,,Visibilité insuffisante,0.29222726821899414
190,10.736998558044434,left,right,162.55790878976396,17.442091210236043,167.58335942844437,12.416640571555632,1.4351782277398086,90.77669181981979,,7.237320686239987,,Visibilité insuffisante,0.2890291213989258
191,10.798233985900879,left,right,159.47285464263257,20.52714535736743,164.98955205803628,15.010447941963719,2.0874548229569934,88.91209750874793,,6.51624974710863,,Visibilité insuffisante,0.28856027126312256
192,10.857264995574951,left,right,149.43220225080822,30.567797749191783,155.5310072567236,24.468992743276402,4.378911638002446,83.98254701946314,,4.460263663380947,,Visibilité insuffisante,0.28374621272087097
193,10.909737586975098,left,right,139.21479613327287,40.78520386672713,145.2557333992062,34.74426660079379,6.497526618498209,80.36081876452475,,2.899282648956288,,Visibilité insuffisante,0.2979819178581238
194,10.96875,left,right,137.36534398591706,42.634656014082935,141.9215766296026,38.07842337039739,7.535662059141807,81.89006172149524,,3.9819564243226195,,Visibilité insuffisante,0.305441290140152
195,11.022018909454346,left,right,119.07344248861217,60.92655751138783,130.85244382905265,49.147556170947354,10.57207356484128,80.8485563978592,,13.199631303140926,,Visibilité insuffisante,0.3022764325141907
196,11.081392288208008,left,right,104.24279774394985,75.75720225605015,119.96418167142875,60.03581832857125,13.021350845995833,73.50693212986857,,12.249666903343313,,Visibilité insuffisante,0.31034815311431885
197,11.142599821090698,left,right,110.12169709717911,69.87830290282089,117.58999560330972,62.41000439669028,15.467169387754478,84.46639375453022,,17.40186164841528,,Visibilité insuffisante,0.3212304711341858
198,11.209522247314453,left,right,99.58733256192711,80.41266743807289,110.54501155737663,69.45498844262337,16.143434266612747,80.21364978053623,,17.314763042598482,,Visibilité insuffisante,0.3345032334327698
199,11.266188383102417,left,right,104.78822594933317,75.21177405066683,113.24838602425737,66.75161397574263,16.11161492393057,73.33170572702488,,7.903480725879665,,Visibilité insuffisante,0.3281620442867279
200,11.329680681228638,left,right,88.90651643501715,91.09348356498285,96.80296080792844,83.19703919207156,14.959581613931654,84.52860457317671,,17.38463056001965,,Visibilité insuffisante,0.33005988597869873
201,11.387413024902344,left,right,87.04370394988393,92.95629605011607,93.12244090512692,86.87755909487308,15.757519346253218,83.65076119488063,,15.48701749637684,,Visibilité insuffisante,0.34412306547164917
202,11.442502737045288,left,right,84.6117596675338,95.3882403324662,93.60598920322195,86.39401079677805,16.090317290641664,97.34189341042395,,32.426440236753756,,Visibilité insuffisante,0.37289464473724365
203,11.500236749649048,left,right,91.55733988739932,88.44266011260068,105.1030636297768,74.8969363702232,15.13562308166593,92.92037729640255,,31.60172412044595,,Visibilité insuffisante,0.357690691947937
204,11.563080549240112,left,right,79.0453619801243,100.9546380198757,79.22386171804737,100.77613828195263,16.369583251605572,106.960416682381,,33.50849967190965,,Visibilité insuffisante,0.35894137620925903
205,11.615067720413208,left,right,76.47802539324051,103.52197460675949,80.20624667536414,99.79375332463586,16.725964300681483,106.63462222187326,,37.088807804678346,,Visibilité insuffisante,0.348941832780838
206,11.669798135757446,left,right,76.60634600271105,103.39365399728895,70.39212799277021,109.60787200722979,20.252545081438864,109.26279286273999,,33.30111993423799,,Visibilité insuffisante,0.33243072032928467
207,11.733752012252808,left,right,62.138060892013016,117.86193910798698,60.649737815404244,119.35026218459575,20.56398068787091,96.24100498021244,,25.316662591474582,,Visibilité insuffisante,0.321003794670105
208,11.78664493560791,left,right,160.44315273095376,-19.556847269046244,120.84963093432354,-59.15036906567646,24.87535814248249,105.98222120598548,,80.4511011450982,,Visibilité insuffisante,0.382763534784317
209,11.851457357406616,left,right,48.07261526565408,131.92738473434594,55.358800428558744,124.64119957144126,25.761750373572017,78.63580590742517,,21.683741443901837,,Visibilité insuffisante,0.38412269949913025
210,11.916061401367188,left,right,51.076413138860815,128.9235868611392,54.60293929009338,125.39706070990661,25.904173001234856,86.64381629806104,,26.07451545052846,,Visibilité insuffisante,0.3854680061340332
211,11.97066330909729,left,right,58.162282546334865,121.83771745366514,61.37134159934905,118.62865840065095,21.640195559953423,102.66363005905396,,37.51288467202156,,Visibilité insuffisante,0.3742976188659668
212,12.037164449691772,left,right,61.86977353443009,118.1302264655699,68.12773521184144,111.87226478815856,19.20345518674193,98.6934969423033,,34.15491380645659,,Visibilité insuffisante,0.4127245843410492
213,12.095757722854614,left,right,63.56027589405102,116.43972410594898,72.88702803740512,107.11297196259488,16.766266815750292,90.55349102481637,,26.64650998392076,,Visibilité insuffisante,0.46591126918792725
214,12.147686243057251,left,right,96.196852769799,83.803147230201,102.22430100756272,77.77569899243728,15.841994794002058,117.0636777372583,,48.933120769024086,,Visibilité insuffisante,0.4802340865135193
215,12.217216968536377,left,right,106.09128222354941,73.90871777645059,111.06595571131248,68.93404428868752,16.390482560858224,111.83957787321806,,43.20473392183937,,Visibilité insuffisante,0.46091753244400024
216,12.283580303192139,left,right,99.66834797593376,80.33165202406624,104.00043076922437,75.99956923077563,16.41451724357803,86.24239392110958,,16.988993957978224,,Visibilité insuffisante,0.4397924542427063
217,12.34055781364441,left,right,102.83425248195712,77.16574751804288,108.07837822029214,71.92162177970786,15.40332950161734,89.19066136812204,,19.838116608074387,,Visibilité insuffisante,0.45767560601234436
218,12.406984567642212,left,right,103.64717354486861,76.35282645513139,109.66403339440271,70.33596660559729,15.140377824295918,90.51919509622836,,21.67643277005837,,Visibilité insuffisante,0.46344056725502014
219,12.469444751739502,left,right,151.51470662062925,28.485293379370745,148.2799614569004,31.720038543099605,10.163845500912611,92.9327461220082,,9.861846459191954,,Visibilité insuffisante,0.448280394077301
220,12.524284362792969,left,right,163.6708498049971,16.32915019500291,160.90716736464537,19.092832635354625,6.920387633889467,81.45219186650286,,-4.391102939959381,,Visibilité insuffisante,0.42577052116394043
221,12.58124589920044,left,right,162.96223007380544,17.037769926194557,162.3084019295065,17.691598070493512,5.368378736437878,81.45210064489324,,-3.833348762967824,,Visibilité insuffisante,0.4282301068305969
222,12.637898206710815,left,right,173.45393868801264,6.5460613119873585,172.4044517237533,7.595548276246689,2.0713900938799177,84.84466752639679,,-4.133429343982637,,Visibilité insuffisante,0.4070660471916199
223,12.690216779708862,left,right,174.9549860010034,5.045013998996609,176.91767688772546,3.082323112274537,-0.6333773912995226,83.61851417412507,,-5.052172330452395,,Visibilité insuffisante,0.3999288082122803
224,12.743650197982788,left,right,174.2077050230102,5.792294976989808,179.34106067998866,0.658939320011342,-2.131581827422063,77.32313167660296,,-9.675094493840618,,Visibilité insuffisante,0.38439708948135376
225,12.805647134780884,left,right,174.96635980141792,5.033640198582077,178.10198113073156,-1.8980188692684408,-3.1432329533224737,75.19954245349355,,-11.012031431978388,,Visibilité insuffisante,0.37341153621673584
226,12.858869552612305,left,right,175.975998936769,4.0240010632309975,177.51723532369653,-2.482764676303475,-3.293214918391209,83.41502627995972,,-3.3714228988970247,,Visibilité insuffisante,0.36201584339141846
227,12.922109842300415,left,right,176.653685398394,3.3463146016059966,176.27745601285181,-3.7225439871481854,-4.258240122050268,89.00292579813953,,1.8135442648434372,,Visibilité insuffisante,0.3554174602031708
228,12.975430011749268,left,right,176.4304927918676,3.569507208132393,176.595099661884,-3.4049003381159935,-4.319354918291902,86.63942594657246,,-0.7055214254710521,,Visibilité insuffisante,0.34458473324775696
229,13.028456687927246,left,right,176.6266542140723,3.373345785927711,176.70592850812048,-3.294071491879521,-4.246411901104189,87.47480157602556,,-0.10419304727138977,,Visibilité insuffisante,0.335176944732666
230,13.093335628509521,left,right,175.14497463646208,4.855025363537919,178.25297716358565,-1.7470228364143452,-3.6758271039643144,85.61164567122368,,-1.4621332327883685,,Visibilité insuffisante,0.3314783573150635
231,13.14815092086792,left,right,173.7888884037725,6.211111596227511,179.97641318934578,0.023586810654222745,-3.085577148468442,88.80360375077076,,1.9055513878756118,,Visibilité insuffisante,0.3316906988620758
232,13.211305856704712,left,right,173.0481545191495,6.951845480850494,178.8564742438456,1.1435257561543892,-2.7030258395221853,90.70043845351665,,3.805732338690571,,Visibilité insuffisante,0.32890352606773376
233,13.2769775390625,left,right,158.8550786342992,21.14492136570081,166.13817269996994,13.861827300030058,0.6944488622829481,90.35137894588902,,8.32892187384273,,Visibilité insuffisante,0.32729285955429077
234,13.343164205551147,left,right,148.9086550982881,31.091344901711892,156.5246512743255,23.475348725674507,3.231547663368558,84.47101433258435,,5.318558171990301,,Visibilité insuffisante,0.3230358064174652
235,13.409152746200562,left,right,145.48986472389993,34.51013527610007,153.93088716569383,26.069112834306168,3.7835366245490403,83.11803291158348,,5.342591977926433,,Visibilité insuffisante,0.3261828124523163
236,13.464139461517334,left,right,140.29464827960106,39.70535172039894,148.8894804925628,31.110519507437203,5.1067826442264215,81.72883378957745,,5.430448646765595,,Visibilité insuffisante,0.3248494863510132
237,13.522175550460815,left,right,138.6797236834522,41.32027631654779,145.66549440133969,34.334505598660314,6.405310705476226,82.26090070220671,,5.651982125570398,,Visibilité insuffisante,0.3238646984100342
238,13.57425856590271,left,right,129.7543797900275,50.245620209972486,135.08569355399536,44.914306446004645,9.326410035293984,84.45352361157158,,9.11124741083342,,Visibilité insuffisante,0.32334834337234497
239,13.643444776535034,left,right,105.93651539414716,74.06348460585284,121.75602743751504,58.243972562484956,11.804572538566093,67.60877192709556,,5.232856509029529,,Visibilité insuffisante,0.3230854272842407
240,13.71159839630127,left,right,102.06321274237351,77.93678725762649,117.6505873688306,62.3494126311694,14.000476223498229,92.82948337251088,,32.41733422246619,,Visibilité insuffisante,0.3374089300632477
241,13.769259929656982,left,right,87.0086569904653,92.9913430095347,102.73671554080792,77.26328445919208,13.048785636847155,94.8003966458017,,33.57724083299148,,Visibilité insuffisante,0.3599218428134918
242,13.822439670562744,left,right,87.11565068067002,92.88434931932998,99.5157589343506,80.4842410656494,13.293937020514907,92.81306317757337,,28.507108451768858,,Visibilité insuffisante,0.35756418108940125
243,13.876336097717285,left,right,91.35206166940925,88.64793833059075,100.07267286430434,79.92732713569566,14.713998053406137,90.70024397488552,,24.13485322318674,,Visibilité insuffisante,0.3556896150112152
244,13.930570125579834,left,right,82.365567452368,97.634432547632,93.95590933527967,86.04409066472033,14.656743698798229,77.83102420718039,,14.07810978889029,,Visibilité insuffisante,0.3632439374923706
245,13.987200736999512,left,right,77.3091554918225,102.6908445081775,88.05256959464796,91.94743040535204,16.11627515573929,77.37673980024921,,14.23642905881397,,Visibilité insuffisante,0.35447338223457336
246,14.042240142822266,left,right,172.35756572136117,-7.642434278638831,140.62062550376731,-39.379374496232685,16.46986322026188,25.1974060309159,,-16.59579053122835,,Visibilité insuffisante,0.40659573674201965
247,14.095727443695068,left,right,74.0462367513199,105.9537632486801,86.16789401911014,93.83210598088986,14.604265394694176,75.90297797144312,,12.628900633927545,,Visibilité insuffisante,0.3919552266597748
248,14.149370431900024,left,right,82.46403006187552,97.53596993812448,88.51862833262754,91.48137166737246,15.05870867333211,96.48230305982929,,27.595610003913432,,Visibilité insuffisante,0.3659525513648987
249,14.210222005844116,left,right,27.118246443956433,152.88175355604358,45.498955031809764,134.50104496819023,19.951068285371463,92.93983668044072,,41.27161355366552,,Visibilité insuffisante,0.36927077174186707
250,14.280877113342285,left,right,131.9279687836462,-48.07203121635379,108.25085662124111,-71.74914337875889,23.17494693805065,107.47211126995226,,64.32417037040798,,Visibilité insuffisante,0.40337759256362915
251,14.336299896240234,left,right,163.51737962207625,-16.48262037792375,132.30626812588162,-47.693731874118384,24.245835949472266,110.7641550813231,,76.22110252698998,,Visibilité insuffisante,0.44763898849487305
252,14.391571998596191,left,right,136.63836676041237,43.36163323958763,159.9924672254879,20.0075327745121,24.48966591172038,93.25074346369317,,51.09450984048909,,Visibilité insuffisante,0.4395637512207031
253,14.44694972038269,left,right,79.91912797677864,100.08087202322136,68.30733495047383,111.69266504952617,24.18195176648386,109.21762723125957,,31.787785971438613,,Visibilité insuffisante,0.428689569234848
254,14.502095937728882,left,right,179.34483949142663,-0.655160508573374,139.42175006889806,-40.57824993110194,23.990938152730205,97.84620346797921,,71.76023104323798,,Visibilité insuffisante,0.45492011308670044
255,14.5539231300354,left,right,138.53965578989832,41.46034421010168,168.8533725232265,11.146627476773489,22.29510142618347,92.90666296567399,,55.51548112518564,,Visibilité insuffisante,0.47194552421569824
256,14.616424560546875,left,right,51.774571764725806,128.2254282352742,87.64575292722863,92.35424707277137,21.501979886513837,101.4679809403774,,68.84114198939405,,Visibilité insuffisante,0.47783809900283813
257,14.680012464523315,left,right,99.56411076980636,80.43588923019364,104.73874975206961,75.26125024793039,18.029873137277864,99.28585194971946,,32.49036406926058,,Visibilité insuffisante,0.4717768728733063
258,14.747321367263794,left,right,96.77241070185865,83.22758929814135,101.74318751688821,78.25681248311179,17.249993753299556,95.19229968576693,,27.413070254096034,,Visibilité insuffisante,0.46945640444755554
259,14.800312042236328,left,right,96.95698179388404,83.04301820611596,104.1017425450173,75.8982574549827,16.574904631433693,89.05916545473998,,22.778830837306934,,Visibilité insuffisante,0.46613383293151855
260,14.856457948684692,left,right,108.30509723516577,71.69490276483423,115.66047592398179,64.33952407601821,14.119536326930653,99.557029276112,,31.03194429185867,,Visibilité insuffisante,0.4781056344509125
261,14.913329124450684,left,right,108.55268891496259,71.44731108503741,117.18274251151264,62.81725748848736,13.099167450158166,87.26565851578152,,18.994879562489743,,Visibilité insuffisante,0.48182281851768494
262,14.976831674575806,left,right,146.89972348969155,33.10027651030845,152.0989084376742,27.901091562325803,7.5132067123189925,65.31361513726388,,-11.973993202434484,,Visibilité insuffisante,0.48525989055633545
263,15.02868914604187,left,right,161.49593766222662,18.504062337773377,164.55254386761248,15.447456132387515,5.473908845005291,76.82039051397493,,-4.649094435633934,,Visibilité insuffisante,0.46972131729125977
264,15.094145059585571,left,right,167.75689784427442,12.24310215572558,169.55432949625498,10.44567050374502,3.5109089462284455,88.21841505375237,,3.5267556519613956,,Visibilité insuffisante,0.45383498072624207
265,15.151549577713013,left,right,171.45515085106004,8.54484914893996,176.82381363499303,3.17618636500697,-0.08002004159532322,82.16842513479246,,-2.5429321228699044,,Visibilité insuffisante,0.4425261616706848
266,15.212319374084473,left,right,173.26218821271644,6.737811787283562,179.71443775316084,-0.285562246839163,-1.8221331901088829,87.18073784819268,,2.3819786922065123,,Visibilité insuffisante,0.4293154180049896
267,15.267400979995728,left,right,174.271628528701,5.728371471298999,177.27931852987754,-2.7206814701224573,-3.095879889189738,84.11212409607694,,-0.5347028516913374,,Visibilité insuffisante,0.41962453722953796
268,15.319681406021118,left,right,175.72399045229545,4.276009547704547,175.3442417139658,-4.6557582860341995,-3.9873897401181253,94.00993383101257,,8.954311924633204,,Visibilité insuffisante,0.4122292995452881
269,15.37587833404541,left,right,175.3662316240391,4.633768375960898,175.66822021776977,-4.331779782230228,-3.9397066158011893,95.68056771702948,,10.706409259419429,,Visibilité insuffisante,0.40149518847465515
270,15.4322829246521,left,right,175.7047081476271,4.2952918523729124,175.69845253925416,-4.301547460745837,-4.043966475407617,94.55665860551963,,9.10953144323077,,Visibilité insuffisante,0.3901234269142151
271,15.484530925750732,left,right,175.40102480532198,4.598975194678019,176.41261735064413,-3.587382649355874,-3.7981961809929525,93.44313228688921,,7.831293949930161,,Visibilité insuffisante,0.3795873820781708
272,15.544528007507324,left,right,175.29091413392732,4.709085866072684,176.58395193445307,-3.4160480655469314,-3.6889087217392125,91.70595997144562,,6.142185181326034,,Visibilité insuffisante,0.3688991665840149
273,15.600851058959961,left,right,175.3584368014769,4.641563198523102,176.67245783716743,-3.3275421628325716,-3.570314870345853,92.87348022261381,,7.272270713623649,,Visibilité insuffisante,0.35808518528938293
274,15.663213729858398,left,right,175.34176206121694,4.65823793878306,176.70790756461997,-3.2920924353800274,-3.51244339215078,93.00642797247002,,7.444314954482347,,Visibilité insuffisante,0.3483612537384033
275,15.717293977737427,left,right,175.3713720558816,4.628627944118392,176.54550836065286,-3.4544916393471397,-3.6695974784855254,95.47052953435244,,9.88405163933248,,Visibilité insuffisante,0.3409441411495209
276,15.777778387069702,left,right,173.9360268136043,6.063973186395714,178.78881700677965,-1.2111829932203477,-2.7747061344674733,97.06230695042932,,11.56275699557792,,Visibilité insuffisante,0.33186665177345276
277,15.83371615409851,left,right,173.33628616616025,6.663713833839751,179.6881213321124,-0.311878667887612,-2.395893224032912,98.69329798892659,,13.272997266621042,,Visibilité insuffisante,0.3260725438594818
278,15.894228219985962,left,right,169.01688488159948,10.98311511840052,175.15986765314932,4.84013234685068,-0.717665808507152,91.2084811913634,,6.6337981544060876,,Visibilité insuffisante,0.3297170400619507
279,15.9490065574646,left,right,161.44911039302724,18.55088960697276,168.72276625226465,11.277233747735352,0.7228630238178582,88.21575242882619,,6.212271311881445,,Visibilité insuffisante,0.33276447653770447
280,16.01533269882202,left,right,157.63701246931228,22.362987530687718,165.4568815919347,14.543118408065311,1.3794249831836394,86.68713249801822,,5.886426603824242,,Visibilité insuffisante,0.33960726857185364
281,16.075965881347656,left,right,150.10419208643384,29.89580791356616,156.84368986238914,23.15631013761086,4.035325972647676,83.60612829873524,,4.380952047338178,,Visibilité insuffisante,0.3437734842300415
282,16.139650583267212,left,right,145.8057355378251,34.194264462174914,153.2296686523699,26.770331347630105,4.812016947572253,81.91220448430867,,4.148154546425745,,Visibilité insuffisante,0.34716325998306274
283,16.196205615997314,left,right,142.75974088640461,37.240259113595386,150.92983497321538,29.070165026784622,5.240220175419361,79.47702556680458,,2.887339829034697,,Visibilité insuffisante,0.3465993404388428
284,16.249469757080078,left,right,142.21783132380514,37.78216867619486,147.4744941754235,32.5255058245765,6.572320155259175,74.19232202621397,,-3.9786949669085208,,Visibilité insuffisante,0.346118301153183
285,16.311877012252808,left,right,142.28667732660207,37.713322673397926,145.9417720013135,34.058227998686505,7.594728186010979,78.13646934614296,,-0.6137077931346716,,Visibilité insuffisante,0.33725666999816895
286,16.366938829421997,left,right,135.09045791260553,44.90954208739447,138.3935115536613,41.60648844633869,9.695445466689003,80.31748353172152,,3.315982639466314,,Visibilité insuffisante,0.33155134320259094
287,16.432517290115356,left,right,121.05837037863765,58.94162962136235,128.45157009302918,51.548429906970824,11.624853011664328,72.28650128006517,,1.3045540061210443,,Visibilité insuffisante,0.3304564952850342
288,16.499682188034058,left,right,111.5518201160831,68.4481798839169,122.90430919173768,57.09569080826232,13.218661081889435,82.71321767847427,,17.284367836018255,,Visibilité insuffisante,0.33535295724868774
289,16.563037872314453,left,right,100.05178992416913,79.94821007583087,114.77622068020538,65.22377931979462,14.525599575565092,77.71728658718243,,16.967316918783776,,Visibilité insuffisante,0.34286537766456604
290,16.6203510761261,left,right,93.9291217538347,86.0708782461653,107.24254190378726,72.75745809621274,16.028503150057798,78.74950376591632,,18.09142706592666,,Visibilité insuffisante,0.3489239513874054
291,16.670907020568848,left,right,93.41500527882621,86.58499472117379,104.22272923168808,75.77727076831192,17.024737790926615,76.53408437851546,,14.36654612230393,,Visibilité insuffisante,0.33900514245033264
292,16.728652954101562,left,right,85.76249874711529,94.23750125288471,97.89945982589207,82.10054017410793,17.082298404123225,91.49295051572179,,30.712209998621805,,Visibilité insuffisante,0.3368988335132599
293,16.784466981887817,left,right,81.29236240037831,98.70763759962169,93.9570210600034,86.0429789399966,16.851536649913218,81.8424443529665,,21.358639662504814,,Visibilité insuffisante,0.33580902218818665
294,16.845852375030518,left,right,98.80733681801122,81.19266318198878,126.6056531582427,53.3943468417573,17.036140062793883,78.87320824645602,,33.70766464948135,,Visibilité insuffisante,0.3326297104358673
295,16.9009792804718,left,right,127.77226581113719,52.22773418886281,123.0844854516297,56.9155145483703,17.72584199309054,108.32969281490655,,31.367754448489595,,Visibilité insuffisante,0.3317607045173645
296,16.96672224998474,left,right,140.61630924123787,39.38369075876213,165.16760848875603,14.83239151124397,17.364521779811724,93.16069350098213,,45.076514528312025,,Visibilité insuffisante,0.32917970418930054
297,17.033414363861084,left,right,166.36513393500286,13.63486606499714,144.14354220914615,-35.85645779085385,16.288260360499944,4.6282813472601445,,-28.848697130909176,,Visibilité insuffisante,0.39606761932373047
298,17.095837354660034,left,right,77.81974891453791,102.18025108546209,105.1648233581112,74.8351766418888,14.354574287430905,78.39693172870388,,30.09658045970808,,Visibilité insuffisante,0.382984459400177
299,17.161866426467896,left,right,80.17631616528784,99.82368383471216,97.6720428602288,82.3279571397712,14.858194443691055,87.21246350269074,,29.566384641322752,,Visibilité insuffisante,0.3665041923522949
300,17.22269916534424,left,right,54.06154879881584,125.93845120118417,61.86364725519831,118.13635274480168,18.91313253953386,78.41645792061469,,15.131688916531001,,Visibilité insuffisante,0.3512820601463318
301,17.27648138999939,left,right,133.55951576592554,-46.44048423407446,112.04942523124211,-67.95057476875789,24.353967615635618,113.67824553111801,,69.54230368143705,,Visibilité insuffisante,0.3846660852432251
302,17.341788291931152,left,right,166.93745092711615,-13.062549072883854,128.07170682531438,-51.92829317468562,25.137703059795708,106.21781915182349,,80.22126631342097,,Visibilité insuffisante,0.4370768964290619
303,17.396491765975952,left,right,102.99846357730084,77.00153642269916,79.66836254674371,100.33163745325629,25.80903523929374,175.30690774647985,,87.78584195521645,,Visibilité insuffisante,0.4293394088745117
304,17.458640575408936,left,right,60.55796262307106,119.44203737692894,59.857131575578336,120.14286842442166,26.320591642049138,90.88470589209965,,26.50446648665605,,Visibilité insuffisante,0.4258894920349121
305,17.50545644760132,left,right,86.8959235921781,93.1040764078219,105.23744274157674,74.76255725842326,25.12186389510755,96.51382049827724,,49.97720354278343,,Visibilité insuffisante,0.4388817846775055
306,17.546561241149902,left,right,87.7837654249667,92.2162345750333,93.03026376307373,86.96973623692627,20.091817826353463,100.87779745410295,,36.21611361856345,,Visibilité insuffisante,0.46959349513053894
307,17.60251021385193,left,right,77.972530150412,102.027469849588,88.69838478708517,91.30161521291483,16.35856327826226,93.07908209681294,,30.163500011748376,,OK,0.5180348753929138
308,17.66338324546814,left,right,93.20231402923741,86.79768597076259,98.68275984958953,81.31724015041047,19.253064352976164,104.44172084175749,,39.17523101508575,,Visibilité insuffisante,0.4954964518547058
309,17.716896533966064,left,right,111.80773244937939,68.19226755062061,146.12039504740588,33.87960495259412,19.359791259100028,101.96759211376312,,65.6400459708896,,Visibilité insuffisante,0.48271888494491577
310,17.77127170562744,left,right,138.1750252305238,41.8249747694762,136.16723113754273,43.83276886245727,14.952556972378831,113.61076273069233,,36.55552561009007,,Visibilité insuffisante,0.47211816906929016
311,17.827702522277832,left,right,154.38516868828194,25.614831311718063,150.259601925692,29.74039807430799,11.056761049493437,105.81620946982514,,22.747403756728662,,Visibilité insuffisante,0.4697456955909729
312,17.884587049484253,left,right,153.1018802495368,26.898119750463195,149.41553901660686,30.584460983393143,10.314214838714852,105.17327841011814,,21.801152015903046,,Visibilité insuffisante,0.4665331244468689
313,17.941314458847046,left,right,158.5439717888859,21.456028211114102,160.0682142128508,19.93178578714921,7.546811275332926,89.49489041866393,,8.565944117961743,,Visibilité insuffisante,0.44771355390548706
314,17.994369983673096,left,right,160.83339114318773,19.166608856812275,162.50316616629266,17.496833833707342,5.574751975471302,87.96059177751191,,5.205118776088129,,Visibilité insuffisante,0.45038267970085144
315,18.052532196044922,left,right,168.5943691240596,11.405630875940403,172.31507454730522,7.6849254526947846,1.936316946906216,88.87014228320407,,4.52716465335593,,Visibilité insuffisante,0.4294597804546356
316,18.10250163078308,left,right,171.4259629131549,8.574037086845095,176.78530453014457,3.214695469855428,-0.6066978421001189,82.71529859151785,,-2.5320576335926304,,Visibilité insuffisante,0.4272727072238922
317,18.157814979553223,left,right,171.26358366873967,8.73641633126033,179.31262660745784,0.6873733925421561,-1.7985076586574789,83.0422407881673,,-0.7072239317720003,,Visibilité insuffisante,0.4170222282409668
318,18.20694637298584,left,right,172.63242994707977,7.367570052920229,179.00071906035433,-0.9992809396456721,-2.3535082622678423,82.2245683124974,,-1.7620889572045544,,Visibilité insuffisante,0.4040655791759491
319,18.265290021896362,left,right,173.9432174527582,6.056782547241795,178.367361607721,-1.6326383922790058,-2.480114116414451,77.21319289783668,,-7.577500279056953,,Visibilité insuffisante,0.3892207741737366
320,18.32071542739868,left,right,174.30190814349893,5.698091856501065,178.04314395154984,-1.9568560484501631,-2.7065400576520577,79.9327113339821,,-5.118880818718722,,Visibilité insuffisante,0.3798430263996124
321,18.38042902946472,left,right,174.6010659141189,5.398934085881109,178.27962741177026,-1.7203725882297363,-2.8620709295359728,81.37120551744532,,-4.371558737979802,,Visibilité insuffisante,0.3761349618434906
322,18.434160232543945,left,right,174.45608090251105,5.543919097488953,178.8238769098585,-1.1761230901414876,-2.657425306697346,84.47470700215149,,-1.462676116915407,,Visibilité insuffisante,0.3699133098125458
323,18.48595905303955,left,right,174.89469191503548,5.10530808496452,178.60176568378347,-1.3982343162165307,-2.735943205407627,85.60901678723272,,-0.6233840169938634,,Visibilité insuffisante,0.3626480996608734
324,18.54668116569519,left,right,175.15409280573394,4.845907194266061,178.59160706229352,-1.4083929377064806,-2.641814782306805,86.96215075822877,,0.5746361078945359,,Visibilité insuffisante,0.3525814414024353
325,18.60456347465515,left,right,175.32257893404025,4.677421065959749,178.5114576267053,-1.488542373294706,-2.6362903153840227,87.87677153225995,,1.406444656130372,,Visibilité insuffisante,0.34338250756263733
326,18.66190791130066,left,right,175.00850938256642,4.991490617433584,178.62166873789462,-1.3783312621053767,-2.4659346720630126,88.45879669882328,,2.362683906299215,,Visibilité insuffisante,0.3355311155319214
327,18.716997146606445,left,right,174.8600762187478,5.139923781252207,178.72838002033038,-1.271619979669623,-2.3506856406774803,88.18620064118961,,2.247058761433966,,Visibilité insuffisante,0.3286273181438446
328,18.771090745925903,left,right,174.90827468380422,5.091725316195777,178.8637695472863,-1.1362304527137042,-2.3114792909313824,89.20924583492585,,3.1257223129039406,,Visibilité insuffisante,0.3239717185497284
329,18.83031177520752,left,right,174.6687702261207,5.331229773879301,179.42305266935645,-0.5769473306435486,-2.0316279484781012,88.70020631934489,,2.5767554753896693,,Visibilité insuffisante,0.3186969757080078
330,18.882307767868042,left,right,174.39467244854438,5.605327551455616,179.9396600799362,-0.060339920063796626,-1.7962878412422054,88.61022676058191,,2.479606390859139,,Visibilité insuffisante,0.3139757513999939
331,18.926629066467285,left,right,173.98683860577404,6.0131613942259605,179.35674177818615,0.6432582218138521,-1.4866281003698323,95.18938941117693,,9.072664483219167,,Visibilité insuffisante,0.3099057376384735
332,18.982401609420776,left,right,173.8167893063458,6.183210693654189,179.08098057485472,0.9190194251452795,-1.3666577730793743,94.94930227878707,,8.846835774216602,,Visibilité insuffisante,0.3066301643848419
333,19.03665328025818,left,right,172.13616419784927,7.8638358021507315,176.83920234166794,3.160797658332058,-0.7142438802492892,92.63020736888411,,6.619001632453479,,Visibilité insuffisante,0.31523916125297546
334,19.09744930267334,left,right,168.89611721436265,11.103882785637353,173.5404358014076,6.459564198592403,0.48879870185147195,90.03586685051184,,5.1689841394082565,,Visibilité insuffisante,0.32091665267944336
335,19.158438205718994,left,right,167.12524268518482,12.874757314815184,171.87381681678607,8.126183183213925,1.0518964946308302,75.59451588375114,,-8.605013490016743,,Visibilité insuffisante,0.32633018493652344
336,19.223313331604004,left,right,159.13321423254908,20.86678576745092,164.70877769566093,15.291222304339072,2.8081518367344946,75.32467356753546,,-6.2916111326182005,,Visibilité insuffisante,0.33019617199897766
337,19.27544093132019,left,right,154.3835899220567,25.6164100779433,159.90081793362705,20.099182066372947,4.116633734073314,77.98467939649504,,-2.381458857861278,,Visibilité insuffisante,0.32758820056915283
338,19.333577156066895,left,right,153.5778258380762,26.422174161923806,159.54019614953958,20.459803850460418,4.093260854976527,82.1252888894566,,2.1809200558964914,,Visibilité insuffisante,0.3265654444694519
339,19.396400451660156,left,right,148.9440149787837,31.055985021216287,156.36484765836153,23.635152341638474,4.34085442441409,75.24163403142244,,-2.9966788645856615,,Visibilité insuffisante,0.3285726308822632
340,19.460822820663452,left,right,146.47018724013668,33.52981275986332,153.82660666849978,26.173393331500222,4.822463995510392,76.80262745953578,,-1.0184891165907033,,Visibilité insuffisante,0.32985979318618774
341,19.5175199508667,left,right,140.6379493178184,39.362050682181604,146.60048646047235,33.399513539527646,6.5927199000052745,77.43044845751244,,-0.014294499828321284,,Visibilité insuffisante,0.3392352759838104
342,19.568183660507202,left,right,137.94297996200498,42.05702003799502,142.32563228592448,37.674367714075515,8.346693661236543,83.5373262857348,,6.266672270890836,,Visibilité insuffisante,0.3324860632419586
343,19.61918568611145,left,right,136.28883475220067,43.71116524779933,141.00719867762217,38.99280132237783,8.678005654868658,79.39833471302437,,2.7947042933145365,,Visibilité insuffisante,0.32469332218170166
344,19.6716365814209,left,right,131.91032874872462,48.08967125127538,136.0604927868711,43.939507213128906,10.702394232764116,78.09459699591935,,2.947155266829932,,Visibilité insuffisante,0.31704697012901306
345,19.739713668823242,left,right,110.58359694457431,69.41640305542569,124.22008172126016,55.77991827873984,12.475184285019765,72.18468445485712,,8.296353516562725,,Visibilité insuffisante,0.32523050904273987
346,19.796519994735718,left,right,112.23573816066042,67.76426183933958,125.53594056397604,54.46405943602396,13.655452147100933,68.36723451779261,,5.322889068209151,,Visibilité insuffisante,0.32075390219688416
347,19.858829498291016,left,right,114.4412703042573,65.5587296957427,125.40064347146279,54.599356528537214,14.615052915936664,102.3731736367688,,37.947599719910954,,Visibilité insuffisante,0.3126605749130249
348,19.915401935577393,left,right,115.10555213533829,64.89444786466171,125.60939988620011,54.39060011379989,14.287785072062272,104.08676113457078,,38.87839395749486,,Visibilité insuffisante,0.3068563640117645
349,19.978915691375732,left,right,110.04693966031593,69.95306033968407,119.63039554780354,60.369604452196455,15.893312597112523,91.22152429588158,,26.69829278048169,,Visibilité insuffisante,0.3028522729873657
350,20.040719032287598,left,right,101.05900674653984,78.94099325346016,114.63416681736895,65.36583318263105,15.98453153717098,85.432674027734,,24.992365635734096,,Visibilité insuffisante,0.3010709583759308
351,20.098961353302002,left,right,99.93743433649287,80.06256566350713,110.07214477058676,69.92785522941324,16.798133517726853,92.72024099048606,,29.65308494230679,,Visibilité insuffisante,0.31978657841682434
352,20.14922571182251,left,right,95.51834192105143,84.48165807894857,105.72076776883111,74.27923223116889,16.9544893924505,90.25858303281362,,27.415498273043788,,Visibilité insuffisante,0.33076560497283936
353,20.20156478881836,left,right,96.66020593832846,83.33979406167154,106.19038276534418,73.80961723465582,16.726319764171617,87.16615042437104,,23.42264701555836,,Visibilité insuffisante,0.3378942012786865
354,20.2372407913208,left,right,97.40085554506709,82.59914445493291,106.68977225350986,73.31022774649014,16.661105883530944,86.12884419696464,,22.07886678893834,,Visibilité insuffisante,0.34199589490890503
355,20.282920122146606,left,right,100.36486559390444,79.63513440609556,107.99865097834649,72.00134902165351,16.094456231746715,95.9674497440399,,29.695691360228658,,Visibilité insuffisante,0.3465333878993988
356,20.324883222579956,left,right,100.33139814347902,79.66860185652098,107.64609493900662,72.35390506099338,15.734131572262141,96.52285080651004,,29.57167917429978,,Visibilité insuffisante,0.35330259799957275
357,20.370827198028564,left,right,96.0848679799884,83.9151320200116,105.78622441971869,74.21377558028131,15.000894957219584,78.95745733538124,,13.6597087323311,,Visibilité insuffisante,0.3475596010684967
358,20.415961503982544,left,right,98.44197546350172,81.55802453649828,107.81297582009253,72.18702417990747,14.384587545248463,79.52271980230792,,13.278307704147204,,Visibilité insuffisante,0.34571903944015503
359,20.472883701324463,left,right,117.08460050087035,62.91539949912965,122.27837395774299,57.721626042257014,13.410979934755307,77.2063346979868,,5.811088089614748,,Visibilité insuffisante,0.3358079195022583
360,20.5297110080719,left,right,119.20092471237767,60.79907528762233,124.50781807525453,55.492181924745466,12.719742784375358,78.22129627948702,,6.247932426739236,,Visibilité insuffisante,0.3379689157009125
361,20.58924388885498,left,right,154.1284269512772,25.87157304872281,154.3393862282071,25.660613771792896,7.718826793006636,89.23494442515046,,7.164730495087021,,Visibilité insuffisante,0.3424525558948517
362,20.6357159614563,left,right,165.6510234421378,14.348976557862187,165.36334302681422,14.63665697318578,5.442111945941493,90.83590845291322,,5.99033998353111,,Visibilité insuffisante,0.3432193398475647
363,20.688172101974487,left,right,165.22874784852152,14.771252151478478,166.06755357788242,13.932446422117579,4.231387732020849,90.25579323748825,,5.325986698870004,,Visibilité insuffisante,0.3497088551521301
364,20.731650590896606,left,right,172.65525935526702,7.34474064473298,175.88832915440452,4.111670845595484,0.5679304366589455,97.79248621037505,,11.59348644617148,,Visibilité insuffisante,0.34070584177970886
365,20.788799285888672,left,right,176.83381388487305,3.1661861151269477,179.26232918375857,-0.7376708162414332,-1.6286379696425222,92.54133831698181,,4.816557278707666,,Visibilité insuffisante,0.34010106325149536
366,20.84582495689392,left,right,176.77863386952197,3.2213661304780317,178.06458945469313,-1.9354105453068655,-2.3274445941372464,84.28053459672498,,-2.8901333216273275,,Visibilité insuffisante,0.3404688835144043
367,20.88980746269226,left,right,178.22860491105627,1.7713950889437342,175.46374703827917,-4.536252961720834,-3.163907416998091,88.75410439880329,,1.897845032469792,,Visibilité insuffisante,0.3311331570148468
368,20.936577081680298,left,right,177.06080416854064,2.939195831459358,174.9838731679774,-5.016126832022593,-3.454149796896552,87.42067430893836,,1.9218471755237663,,Visibilité insuffisante,0.32123371958732605
369,20.991939783096313,left,right,176.9257872337271,3.0742127662728933,174.66600897532177,-5.333991024678227,-3.6477470361291324,91.09436785182146,,5.854824606643474,,Visibilité insuffisante,0.31272000074386597
370,21.038965940475464,left,right,176.3888268880866,3.611173111913388,174.1649657657576,-5.835034234242414,-4.147257608954969,91.73220193558596,,7.031151672786788,,Visibilité insuffisante,0.3049488663673401
371,21.082866668701172,left,right,175.91853819582127,4.08146180417873,175.0224626071886,-4.977537392811399,-4.02162911924335,85.37348025084306,,0.4108503285898406,,Visibilité insuffisante,0.29605832695961
372,21.13348150253296,left,right,175.11431672668652,4.885683273313475,176.02254644938418,-3.97745355061582,-3.7661949297439357,88.19280431466913,,3.2897462088544924,,Visibilité insuffisante,0.29202529788017273
373,21.18188786506653,left,right,174.89539280800355,5.10460719199645,176.42730055983094,-3.5726994401690604,-3.686808743842848,89.44677268176287,,4.43727057008555,,Visibilité insuffisante,0.28827062249183655
374,21.247870206832886,left,right,174.6206317778233,5.3793682221767085,176.76949669587637,-3.23050330412363,-3.480573477699369,89.59152313147759,,4.720821180078553,,Visibilité insuffisante,0.281493216753006
375,21.30010199546814,left,right,174.51183438781354,5.488165612186464,176.98362839227852,-3.0163716077214815,-3.3474436351581667,89.69073515210745,,4.8478287368572275,,Visibilité insuffisante,0.2752707302570343
376,21.358256101608276,left,right,169.88735581186518,10.112644188134823,175.93312632657762,4.0668736734223785,-0.9314791624117843,88.53898188701886,,3.653273239319539,,Visibilité insuffisante,0.27890321612358093
377,21.403477668762207,left,right,166.44035779764926,13.559642202350744,172.0464002778476,7.953599722152404,0.23174298163464904,86.92297828569052,,2.7607637475235043,,Visibilité insuffisante,0.2855560779571533
378,21.454049825668335,left,right,165.4309748807879,14.569025119212114,170.9500427831786,9.049957216821412,0.46386135223264413,87.60145467574759,,3.584383930370938,,Visibilité insuffisante,0.29017212986946106
379,21.512667179107666,left,right,159.39012792089002,20.609872079109977,163.98979242445208,16.010207575547923,2.6441860369907646,84.05224113424936,,1.29609167480214,,Visibilité insuffisante,0.29386791586875916
380,21.561699390411377,left,right,156.00213483524024,23.99786516475976,161.387417480286,18.61258251971401,3.0999920359794424,62.46553032776067,,-19.049194991214122,,Visibilité insuffisante,0.2956797480583191
381,21.608256101608276,left,right,149.3111190142788,30.688880985721198,153.75557984750336,26.244420152496645,5.243494820185348,66.86497245213795,,-13.447071894452167,,Visibilité insuffisante,0.3030502200126648
382,21.664049863815308,left,right,141.15862362888572,38.84137637111428,145.68261705079357,34.31738294920643,7.010541369213246,71.51519779959348,,-6.950267409285411,,Visibilité insuffisante,0.3122473657131195
383,21.71655035018921,left,right,140.78348441773778,39.21651558226222,145.4842565544334,34.51574344556661,7.254730571037213,74.79549720595537,,-3.249000086311789,,Visibilité insuffisante,0.31315794587135315
384,21.775118112564087,left,right,140.72115602245742,39.27884397754258,143.8198409295007,36.180159070499286,8.392665392001842,82.53568916058116,,4.027039459626271,,Visibilité insuffisante,0.3086673617362976
385,21.83092164993286,left,right,139.708267611156,40.291732388844,142.55790601596243,37.44209398403757,8.96249358450239,81.56477420705639,,3.376906196365201,,Visibilité insuffisante,0.301363080739975
386,21.876173496246338,left,right,126.96367494896178,53.03632505103822,133.15169675889774,46.84830324110226,10.487426018347502,87.02741753489501,,13.702865363178478,,Visibilité insuffisante,0.30590808391571045
387,21.924173593521118,left,right,113.89787684668973,66.10212315331027,123.70459009617898,56.295409903821024,12.244709047252575,85.61829671481198,,17.669719011553813,,Visibilité insuffisante,0.31364038586616516
388,21.972947120666504,left,right,117.16175922164626,62.838240778353736,126.51614958216665,53.48385041783335,13.239722946691108,87.92118213990662,,20.515295447118095,,Visibilité insuffisante,0.2993713617324829
389,22.026981115341187,left,right,117.15698987273616,62.84301012726384,125.36299583334517,54.63700416665483,13.84960897121322,83.33049915273301,,15.386114084555224,,Visibilité insuffisante,0.2959792912006378
390,22.090976238250732,left,right,111.50590716535919,68.49409283464081,122.59555923163748,57.40444076836252,14.136716302986281,86.0938240880152,,21.320192457279756,,Visibilité insuffisante,0.30262652039527893
391,22.136306047439575,left,right,110.30935035950053,69.69064964049947,119.37523900667294,60.62476099332706,14.750948334600015,83.73054930258114,,17.54738628435357,,Visibilité insuffisante,0.3063640296459198
392,22.19581413269043,left,right,108.04310840288362,71.95689159711638,117.97909416095105,62.02090583904895,15.291842170289156,82.1759967959897,,17.403824724346304,,Visibilité insuffisante,0.3089698851108551
393,22.247530460357666,left,right,107.28784151970434,72.71215848029566,116.41714704043757,63.58285295956243,15.981880900356376,82.21098132720584,,17.322167748295445,,Visibilité insuffisante,0.3131422996520996
394,22.295761346817017,left,right,104.30881541575154,75.69118458424846,112.93707614504456,67.06292385495544,16.33583751845208,87.35223911703874,,22.316337364783838,,Visibilité insuffisante,0.3261701166629791
395,22.350351572036743,left,right,102.05544190898298,77.94455809101702,111.75968688219926,68.24031311780074,16.57506247902108,88.52785746898462,,24.807164921221982,,Visibilité insuffisante,0.3343704044818878
396,22.40095853805542,left,right,100.83964350679867,79.16035649320133,109.67965001568035,70.32034998431965,16.55917961485206,89.56328338499499,,24.96246950872872,,Visibilité insuffisante,0.3374972343444824
397,22.46840000152588,left,right,100.93716015910438,79.06283984089562,109.87382892194125,70.12617107805875,16.04496826952194,87.20530231026278,,22.186939342621606,,Visibilité insuffisante,0.3391249179840088
398,22.52502679824829,left,right,100.29367422906037,79.70632577093963,109.6882506400222,70.3117493599778,15.636070828614814,85.77534847304057,,20.80599571261721,,Visibilité insuffisante,0.34164538979530334
399,22.57939910888672,left,right,102.5138588164157,77.4861411835843,111.1360121666737,68.8639878333263,15.118334525958481,95.09628977171025,,28.836777647926695,,Visibilité insuffisante,0.333590030670166
400,22.627530336380005,left,right,101.0759375965963,78.9240624034037,110.36794690672481,69.63205309327519,14.809614596268291,98.48563976092584,,32.58726366732263,,Visibilité insuffisante,0.3304586410522461
401,22.676968812942505,left,right,136.37993976775246,43.62006023224754,137.705408623198,42.294591376802,11.208911534688713,97.01542124638036,,19.54980163651462,,Visibilité insuffisante,0.3271886110305786
402,22.72370481491089,left,right,149.43871576879863,30.56128423120137,152.98352523439505,27.016474765604954,7.461835641712802,93.98350829574355,,14.990153403052748,,Visibilité insuffisante,0.3237570524215698
403,22.77788805961609,left,right,147.24344447758963,32.756555522410366,152.80603646636638,27.19396353363362,7.099335539113009,81.01732709936614,,3.6792546272559052,,Visibilité insuffisante,0.3108220398426056
404,22.843719244003296,left,right,159.58340804597816,20.41659195402184,162.90757110306757,17.092428896932432,4.68268301223615,84.33045237833426,,2.3372984476598084,,Visibilité insuffisante,0.30934348702430725
405,22.90195608139038,left,right,160.64365216338138,19.356347836618625,164.3005486998832,15.699451300116806,3.365684028682237,84.52522856838257,,1.5478091335666435,,Visibilité insuffisante,0.3131009042263031
406,22.944157600402832,left,right,170.40083866083515,9.599161339164851,174.12299485881405,5.877005141185947,0.5319575642759679,90.80684823638929,,5.060961998644138,,Visibilité insuffisante,0.31198856234550476
407,22.990854740142822,left,right,175.22170699660057,4.778293003399426,178.08440716944537,-1.9155928305546297,-2.2767859771152046,89.91361935200837,,4.330719208847236,,Visibilité insuffisante,0.3038162589073181
408,23.02716374397278,left,right,175.63071631611615,4.36928368388385,176.381397367099,-3.618602632901002,-2.9942973678414893,89.50069155570613,,4.4942805046494945,,Visibilité insuffisante,0.30023661255836487
409,23.079052448272705,left,right,177.4080041667918,2.5919958332081876,174.12776508657782,-5.872234913422176,-3.8203454749061523,92.81208822745404,,7.455973499178251,,Visibilité insuffisante,0.2981972396373749
410,23.138669967651367,left,right,177.1664454392263,2.833554560773706,174.58684602429824,-5.413153975701761,-3.728077906102778,83.91745485006867,,-1.5639145195586337,,Visibilité insuffisante,0.2954036295413971
411,23.186317205429077,left,right,175.93906952240096,4.060930477599044,173.80363815750715,-6.196361842492848,-4.183545353408904,83.75901741442912,,-0.1672356188878719,,Visibilité insuffisante,0.2883557379245758
412,23.2366726398468,left,right,175.204808196923,4.795191803076989,173.97080530269972,-6.029194697300284,-4.371241538878228,87.09969791128479,,3.5528428727838084,,Visibilité insuffisante,0.2829310894012451
413,23.29639768600464,left,right,175.18684987963354,4.813150120366458,174.29366944535016,-5.706330554649838,-4.530332018257695,83.30940484353863,,-0.7014464997027726,,Visibilité insuffisante,0.2782609164714813
414,23.355541944503784,left,right,175.21118256377713,4.788817436222871,174.77126801850295,-5.228731981497049,-4.419250042071124,85.39510941535546,,0.9934087910042535,,Visibilité insuffisante,0.2710481584072113
415,23.3996365070343,left,right,175.2681723459373,4.731827654062698,175.11424438936504,-4.885755610634959,-4.3440411812211925,86.18066523204072,,1.4542073155172117,,Visibilité insuffisante,0.2643826901912689
416,23.454866409301758,left,right,175.01049178903878,4.989508210961219,175.60970521651527,-4.390294783484734,-4.120449668118003,90.10907280164251,,5.368426127970452,,Visibilité insuffisante,0.26286765933036804
417,23.509285926818848,left,right,174.84094027232098,5.159059727679022,175.9027704161473,-4.097229583852709,-3.990977899185992,92.36166127621901,,7.62697268856472,,Visibilité insuffisante,0.261539101600647
418,23.556776523590088,left,right,173.43805035256233,6.561949647437672,178.25453195969564,-1.7454680403043596,-3.0971305508981093,90.05794802217451,,5.268235159018441,,Visibilité insuffisante,0.26199454069137573
419,23.602564334869385,left,right,170.7376670915203,9.262332908479692,178.00092965052912,1.999070349470884,-1.970000651721773,81.86566185898987,,-2.841076233723101,,Visibilité insuffisante,0.27138209342956543
420,23.643725395202637,left,right,169.4348696975333,10.565130302466713,176.3476990445233,3.6523009554767043,-1.337590905190111,79.515759990833,,-4.909001567367102,,Visibilité insuffisante,0.27704429626464844
421,23.69559383392334,left,right,167.34731527991738,12.652684720082618,172.8255458881456,7.174454111854402,0.17073224086745206,80.34007052208695,,-4.010966628817389,,Visibilité insuffisante,0.2845321297645569
422,23.739687204360962,left,right,166.3721775377146,13.627822462285394,171.4081193076319,8.591880692368107,0.7981238820138771,82.15516785477412,,-2.0107664932947316,,Visibilité insuffisante,0.29235851764678955
423,23.792933464050293,left,right,160.61054190801798,19.38945809198202,165.15934597121583,14.840654028784172,2.667638163633945,84.92908221326448,,2.145524440096288,,Visibilité insuffisante,0.29868167638778687
424,23.846900939941406,left,right,156.86488429112237,23.135115708877635,161.78947477728667,18.21052522271333,3.3661775234158187,84.21170095412295,,2.502468963703068,,Visibilité insuffisante,0.3013102114200592
425,23.901292085647583,left,right,151.5401786164939,28.459821383506096,154.84486867133768,25.15513132866232,5.539477044242749,88.13254813328585,,6.976715232372393,,Visibilité insuffisante,0.30323126912117004
426,23.961050987243652,left,right,143.7540353290363,36.2459646709637,146.9255318444261,33.074468155573896,6.9902756799567936,84.90838651551974,,5.070158710866352,,Visibilité insuffisante,0.31565025448799133
427,24.00459575653076,left,right,143.85651606601792,36.14348393398208,147.1261371971528,32.87386280284721,7.064913475626983,84.9810606915292,,5.315595298291028,,Visibilité insuffisante,0.31401434540748596
428,24.058249711990356,left,right,140.15303014003192,39.846969859968084,141.9519169242738,38.0480830757262,8.78957369717836,91.43319104088017,,12.02165152230041,,Visibilité insuffisante,0.3077998459339142
429,24.13164258003235,left,right,135.1687136346975,44.8312863653025,136.55286633378861,43.447133666211386,10.418482838399102,102.60228698246513,,24.404922519955342,,Visibilité insuffisante,0.3030722737312317
430,24.184333562850952,left,right,113.7536396939384,66.2463603060616,125.86481660779764,54.135183392202364,11.124100625555668,77.1166845482421,,10.35196208765701,,Visibilité insuffisante,0.3107055723667145
431,24.237165689468384,left,right,114.41225108793144,65.58774891206856,125.86851774640489,54.13148225359511,11.96064698492071,83.79103059594011,,17.207944239334275,,Visibilité insuffisante,0.3090613782405853
432,24.290329217910767,left,right,116.4001827133002,63.5998172866998,125.92447811301464,54.075521886985356,12.595535977562985,98.1919270122683,,30.31175838954574,,Visibilité insuffisante,0.3076521158218384
433,24.324334144592285,left,right,107.84042887844947,72.15957112155053,119.42120331547565,60.57879668452435,13.986711292917018,99.22497458145168,,34.79246031139489,,Visibilité insuffisante,0.3095029294490814
434,24.39281415939331,left,right,103.69442875858398,76.30557124141602,116.80910708086623,63.19089291913377,14.806167352044612,82.7321586479741,,20.653004322300955,,Visibilité insuffisante,0.31270378828048706
435,24.436058282852173,left,right,101.40803077042145,78.59196922957855,115.35988663807933,64.64011336192067,15.006981333474238,76.80062393498149,,15.759461136113622,,Visibilité insuffisante,0.32849276065826416
436,24.486860275268555,left,right,100.24581701986045,79.75418298013955,112.04319281401426,67.95680718598574,15.610420823925518,78.45076350487244,,15.85856012295177,,Visibilité insuffisante,0.3368876874446869
437,24.541524648666382,left,right,98.36766874103817,81.63233125896183,110.57521327187433,69.42478672812567,15.311748536251397,77.36835460734292,,14.88764767443048,,Visibilité insuffisante,0.34295228123664856
438,24.59454655647278,left,right,97.2230823078415,82.7769176921585,106.70483939677968,73.29516060322032,16.433447832733318,87.46635532751193,,23.381560249183423,,Visibilité insuffisante,0.341558039188385
439,24.658958673477173,left,right,95.17238248840158,84.82761751159842,104.76190649254072,75.23809350745928,16.218420187904773,93.632298763391,,29.440242955434908,,Visibilité insuffisante,0.3388645648956299
440,24.70819330215454,left,right,94.14935423579517,85.85064576420483,103.54459390968306,76.45540609031694,16.030025935759358,94.83053543244898,,30.25580104209622,,Visibilité insuffisante,0.3375769853591919
441,24.763585329055786,left,right,90.97474372396361,89.02525627603639,101.58233645153017,78.41766354846983,15.564973681169047,82.64983359236055,,18.822400001096156,,Visibilité insuffisante,0.3554365932941437
442,24.80697464942932,left,right,89.51586191979203,90.48413808020797,100.56745769642413,79.43254230357587,15.29010439975007,84.69263367466522,,21.03433385104738,,Visibilité insuffisante,0.3725059926509857
443,24.856597423553467,left,right,95.69468878458012,84.30531121541988,102.73662682466829,77.26337317533171,13.825942282196838,87.43615480635248,,18.304035128637498,,Visibilité insuffisante,0.390047162771225
444,24.931533098220825,left,right,120.05854355523996,59.941456444760036,125.75490288615285,54.24509711384715,11.034843853009738,69.32792091683454,,-3.9408758992428656,,Visibilité insuffisante,0.3884299099445343
445,24.991827487945557,left,right,132.9837479073563,47.0162520926437,135.3751745345986,44.624825465401386,9.849961788226075,69.84529145060158,,-7.913320133930062,,Visibilité insuffisante,0.40131545066833496
446,25.038110971450806,left,right,137.80808324820882,42.19191675179118,145.16320149412547,34.836798505874526,7.0285522755498,78.83150493069249,,3.2151754521589404,,Visibilité insuffisante,0.41669151186943054
447,25.097227334976196,left,right,149.4999921924444,30.50000780755559,151.0135443482282,28.98645565177179,7.276693005629866,96.9202356156705,,15.710480777084173,,Visibilité insuffisante,0.4027869701385498
448,25.145917415618896,left,right,164.6589201121518,15.341079887848196,166.23772440277148,13.762275597228523,3.735202101692701,98.0748541667981,,13.388860559110483,,Visibilité insuffisante,0.39055898785591125
449,25.19503378868103,left,right,169.843385277276,10.156614722723987,172.6996779407946,7.300322059205399,1.3796523703622705,99.55677440389097,,13.792719437771845,,Visibilité insuffisante,0.3743307888507843
450,25.254355907440186,left,right,172.16290264037917,7.837097359620827,176.70755812862154,3.2924418713784576,-0.4094857930620192,89.38729697704755,,3.5224666722279094,,Visibilité insuffisante,0.3713059723377228
451,25.299996852874756,left,right,173.63295558581368,6.367044414186324,178.47967235781056,-1.520327642189443,-2.296991886507498,89.3812217906069,,4.971601960475164,,Visibilité insuffisante,0.35630321502685547
452,25.35581636428833,left,right,173.75592830548462,6.244071694515384,176.4710312886979,-3.528968711302099,-3.018989464835561,90.86231227063259,,7.61636321161454,,Visibilité insuffisante,0.34710925817489624
453,25.40830421447754,left,right,175.49350755254028,4.5064924474597206,173.9215734337176,-6.078426566282388,-4.0705112961521905,91.51576179011832,,8.030169507708242,,Visibilité insuffisante,0.34244614839553833
454,25.464400053024292,left,right,175.6336144017405,4.366385598259512,174.04353138461462,-5.956468615385376,-3.998780244128594,88.10339671716793,,4.427470686684234,,Visibilité insuffisante,0.34173426032066345
455,25.51884126663208,left,right,175.47868228532846,4.5213177146715395,174.61627192129225,-5.3837280787077475,-3.775432586443579,89.39713542254135,,5.526748629477069,,Visibilité insuffisante,0.33682945370674133
456,25.577312231063843,left,right,176.36975022536132,3.630249774638685,174.05683848839496,-5.943161511605041,-4.249019904183583,91.25052558075144,,6.5749169628115975,,Visibilité insuffisante,0.32489708065986633
457,25.638586044311523,left,right,177.03807838812438,2.961921611875624,173.65223331587117,-6.347766684128828,-4.507078208315499,90.67868650700836,,5.481296594697345,,Visibilité insuffisante,0.315187931060791
458,25.697092533111572,left,right,177.33320252742618,2.666797472573819,173.6124161395081,-6.387583860491901,-4.624021062547552,74.14478884682887,,-11.424850882652947,,Visibilité insuffisante,0.3116913437843323
